Date,Algoma_District,Brant_County,Chatham_Kent,Durham_Region,Eastern_Ontario,Grey_Bruce,Haldimand_Norfolk,Haliburton_Kawartha_Pine_Ridge,Halton_Region,City_of_Hamilton,Hastings_Prince_Edward,Huron_Perth,KFLA,Lambton_County,Leeds_Grenville_Lanark,Middlesex_London,Niagara_Region,North_Bay_Parry_Sound_District,Northwestern,City_of_Ottawa,Peel_Region,Peterborough_County_City,Porcupine,Waterloo_Region,Renfrew_County_and_District,Simcoe_Muskoka_District,Southwestern,Sudbury_and_District,Thunder_Bay_District,Timiskaming,Toronto,Wellington_Dufferin_Guelph,Windsor_Essex_County,York_Region,Total
2020-03-24,,,,,,,,,,,,,,,,,,,,,,,,,,,,,,,,,,,0
2020-03-25,0,1,0,3,0,1,0,0,1,3,0,0,3,0,0,0,1,0,0,3,3,0,0,2,0,0,0,1,0,0,17,1,1,5,46
2020-03-26,0,0,0,1,0,0,0,1,4,4,2,0,5,0,0,2,1,0,0,0,13,2,3,0,0,1,0,0,0,1,21,1,2,5,69
2020-03-27,0,0,0,5,0,1,0,14,1,1,0,0,0,5,0,4,2,1,1,5,15,3,0,3,0,4,2,1,0,0,22,0,0,34,124
2020-03-28,,,,,,,,,,,,,,,,,,,,,,,,,,,,,,,,,,,0
2020-03-29,,,,,,,,,,,,,,,,,,,,,,,,,,,,,,,,,,,0
2020-03-30,3,9,3,56,5,5,3,12,8,38,3,5,12,13,8,20,22,3,1,52,95,18,6,60,1,25,3,1,2,0,197,4,20,94,807
2020-03-31,0,3,0,21,1,1,4,10,7,17,0,1,8,9,8,8,10,0,0,9,42,2,0,5,1,9,2,2,1,1,4,18,0,16,220
2020-04-01,1,1,2,24,8,1,15,8,27,7,1,3,11,10,8,8,8,0,0,37,21,1,5,13,2,5,2,2,1,0,32,14,10,25,313
2020-04-02,0,5,2,25,6,1,10,9,18,20,4,3,4,17,7,22,18,0,1,118,114,9,3,13,3,8,1,3,0,0,282,6,37,109,878
2020-04-03,1,15,0,21,3,2,13,3,9,10,3,3,1,6,7,16,19,0,0,33,61,3,6,13,0,8,5,9,4,1,100,11,30,46,462
2020-04-04,1,11,1,18,7,0,9,3,26,13,1,0,0,3,9,20,25,0,0,28,41,1,4,15,0,2,1,3,3,0,62,13,19,36,375
2020-04-05,1,5,2,29,3,4,11,27,24,11,3,1,4,12,6,8,21,0,0,24,36,0,1,8,0,8,2,1,2,0,96,14,22,22,408
2020-04-06,0,0,0,12,6,0,0,1,9,15,1,0,0,2,4,12,5,0,0,29,50,1,0,6,0,6,0,0,0,0,98,7,16,29,309
2020-04-07,0,-1,4,20,1,6,14,2,14,10,0,5,0,6,16,11,18,1,2,23,85,0,1,16,2,10,2,0,4,2,64,8,23,10,379
2020-04-08,1,2,1,14,2,2,13,1,61,7,3,0,1,0,44,7,23,0,0,23,63,0,1,8,1,11,3,0,0,0,173,14,20,51,550
2020-04-09,0,5,0,15,4,1,6,9,19,12,0,3,-1,10,15,14,6,1,0,28,77,8,2,9,0,3,3,0,1,2,156,12,23,40,483
2020-04-10,0,4,1,23,2,3,8,0,17,10,0,4,0,7,14,8,15,0,3,36,57,0,5,8,2,11,2,2,4,0,149,6,28,49,478
2020-04-11,1,3,0,15,3,1,3,11,8,11,1,0,0,3,11,15,9,1,0,30,64,1,0,6,0,17,0,1,2,0,123,1,20,50,411
2020-04-12,0,2,1,10,2,2,12,7,9,14,1,1,1,7,27,14,17,1,0,34,62,0,2,7,2,1,4,1,0,0,126,0,14,20,401
2020-04-13,0,2,6,18,1,2,7,1,16,11,0,1,0,5,17,24,14,1,0,25,52,1,-1,9,0,10,1,4,3,0,170,1,4,16,421
2020-04-14,0,0,0,36,3,1,1,0,39,8,0,0,1,2,5,18,13,1,1,31,56,1,0,4,0,5,1,3,5,0,148,21,16,63,483
2020-04-15,0,3,0,61,0,1,15,1,8,17,0,2,0,0,19,7,24,2,0,26,77,0,0,4,0,3,1,1,0,3,135,8,36,40,494
2020-04-16,0,0,0,16,3,2,1,1,9,29,2,0,0,9,23,2,39,0,0,32,73,0,3,9,0,13,2,1,2,0,131,5,56,51,514
2020-04-17,1,1,0,43,1,2,5,-2,8,9,0,1,0,0,5,23,29,0,0,52,66,-1,4,3,0,11,1,2,2,0,242,6,17,33,564
2020-04-18,1,3,4,31,2,1,5,0,11,8,2,0,0,3,0,11,12,0,2,29,67,3,2,9,0,-3,2,0,6,0,205,5,9,55,485
2020-04-19,0,1,0,34,0,14,2,2,10,0,2,0,0,1,14,17,6,1,0,44,97,1,0,2,0,8,0,0,5,0,224,4,16,63,568
2020-04-20,0,2,1,52,2,4,0,6,8,11,2,0,1,2,3,11,10,0,0,55,186,0,1,6,0,5,2,1,0,1,156,11,18,49,606
2020-04-21,0,3,1,46,1,0,5,-2,1,14,0,2,1,14,6,29,10,1,1,39,127,2,0,10,0,12,0,2,1,1,131,4,26,63,551
2020-04-22,0,1,0,44,0,2,2,2,8,8,1,0,2,0,3,8,7,0,0,44,67,1,3,19,0,7,6,2,3,0,212,2,4,52,510
2020-04-23,0,-1,6,46,2,1,3,0,11,9,2,1,0,10,8,3,16,0,2,34,83,0,1,52,0,11,3,1,8,0,237,20,16,49,634
2020-04-24,0,6,3,24,3,2,0,2,9,6,1,2,0,3,2,12,14,0,0,58,78,2,1,174,0,9,1,1,0,0,168,9,11,39,640
2020-04-25,0,5,1,23,4,2,3,2,0,20,1,-1,0,3,2,6,13,0,0,28,73,1,1,21,0,11,-1,2,4,0,186,9,13,44,476
2020-04-26,1,1,1,34,1,1,-1,6,8,7,0,2,0,2,4,4,15,0,0,50,67,5,1,24,0,4,4,0,1,0,120,7,12,56,437
2020-04-27,0,2,4,33,2,3,1,9,5,13,0,1,0,4,1,5,11,0,1,44,57,12,1,22,1,7,1,0,1,0,135,10,4,34,424
2020-04-28,0,3,20,32,9,2,6,4,7,7,1,3,0,6,8,3,5,0,-1,79,48,5,0,32,0,3,0,2,5,0,189,8,17,22,525
2020-04-29,0,1,13,18,0,3,0,-3,3,7,0,0,0,4,5,9,12,0,0,65,44,2,1,29,0,7,2,4,0,0,49,5,10,57,347
2020-04-30,0,2,3,13,0,0,1,0,16,4,2,1,2,2,5,10,7,0,0,39,42,0,1,22,0,10,-1,1,1,0,233,3,8,32,459
2020-05-01,0,1,1,27,2,0,0,1,6,10,0,0,0,0,1,12,4,0,0,62,50,0,0,35,1,9,0,0,3,6,140,7,10,33,421
2020-05-02,0,1,2,34,2,2,17,0,7,8,0,2,0,4,2,1,11,1,0,48,61,1,0,27,0,11,1,0,-1,0,190,21,9,49,511
2020-05-03,0,1,0,23,2,0,-1,0,9,4,1,2,0,1,0,9,18,1,0,63,68,-4,0,12,0,10,0,0,3,0,157,2,11,42,434
2020-05-04,0,0,4,24,1,0,0,4,3,9,1,1,0,1,0,8,6,0,0,21,57,1,2,10,0,9,0,0,0,0,167,6,11,24,370
2020-05-05,0,1,0,26,5,3,0,-4,4,4,0,0,0,3,6,1,7,1,0,27,57,0,0,18,0,8,1,0,1,0,182,1,16,19,387
2020-05-06,0,0,0,17,0,0,-1,-3,16,4,0,0,0,1,2,-1,9,0,0,20,38,-16,1,48,0,22,0,0,1,0,191,8,18,37,412
2020-05-07,0,1,0,20,9,0,-1,1,6,9,0,1,0,4,2,8,3,0,0,22,46,-1,0,24,1,6,2,0,0,0,175,3,10,48,399
2020-05-08,3,0,0,21,0,0,-1,0,5,11,0,-1,0,-1,-8,6,5,0,0,24,76,4,1,13,0,8,0,0,1,0,261,1,12,36,477
2020-05-09,0,0,0,6,18,1,1,0,3,9,-2,0,0,0,2,0,5,0,0,41,70,1,1,11,0,8,0,0,0,0,130,1,8,32,346
2020-05-10,0,2,0,18,0,0,3,1,3,-8,0,0,0,7,1,4,5,1,0,9,41,0,0,15,0,5,0,1,1,0,145,0,12,28,294
2020-05-11,0,0,1,3,1,1,0,0,2,5,0,0,0,0,2,12,3,0,0,24,58,1,0,18,1,5,0,1,0,0,129,4,23,14,308
2020-05-12,0,0,0,6,2,0,1,2,1,6,1,0,0,3,-1,4,4,0,0,16,74,0,1,16,0,4,0,0,0,0,193,1,5,22,361
2020-05-13,0,-1,0,13,0,1,1,0,7,0,0,0,0,1,5,4,2,0,0,15,48,0,0,11,0,8,1,0,0,0,209,1,8,-5,329
2020-05-14,0,1,7,19,0,2,0,1,1,5,0,0,0,7,3,7,13,1,2,19,74,0,0,3,0,14,0,0,-2,0,45,2,11,23,258
2020-05-15,1,0,10,11,2,0,0,2,18,21,0,0,0,1,1,1,0,1,1,28,55,0,0,14,0,8,0,0,1,0,220,4,9,19,428
2020-05-16,0,0,13,9,1,-1,1,2,14,22,0,0,0,2,0,1,1,0,0,16,86,0,0,9,1,8,0,3,0,0,164,3,8,28,391
2020-05-17,1,0,3,18,1,0,0,-1,6,44,-1,0,0,3,0,-8,18,0,1,22,69,0,0,14,1,3,0,1,0,0,105,4,5,31,340
2020-05-18,2,0,12,19,4,2,1,0,8,4,0,0,0,6,0,0,12,0,0,11,80,1,0,17,-1,8,0,0,0,0,76,6,10,26,304
2020-05-19,0,1,2,22,1,1,0,0,14,4,0,-1,1,2,8,4,1,1,0,22,72,0,0,23,0,6,1,0,0,0,209,2,9,22,427
2020-05-20,0,0,0,18,0,-1,1,3,2,5,1,1,0,5,1,10,3,1,0,19,63,2,0,12,-1,2,1,0,0,0,203,2,14,23,390
2020-05-21,0,0,5,14,0,-1,0,0,3,5,1,2,0,4,0,3,7,2,3,24,38,2,0,7,3,4,0,0,1,0,240,5,6,35,413
2020-05-22,0,1,0,16,0,-1,0,2,13,0,0,-1,1,9,2,2,1,0,0,17,67,-1,0,2,-1,4,6,0,1,0,246,4,21,30,441
2020-05-23,0,1,0,9,1,0,5,2,6,9,0,0,-1,1,0,-1,4,0,0,3,88,2,0,8,0,6,0,-1,0,0,199,4,17,50,412
2020-05-24,0,2,1,21,2,1,-1,-2,3,16,0,1,0,3,1,11,4,1,0,9,101,0,0,9,0,2,0,0,0,0,205,0,25,45,460
2020-05-25,0,0,0,13,0,0,1,2,5,12,0,0,0,1,1,2,2,0,0,5,91,2,0,4,2,1,1,0,0,0,192,5,37,25,404
2020-05-26,0,0,0,24,0,0,0,0,3,9,0,0,0,1,0,2,2,0,0,6,52,0,0,6,1,0,0,0,0,0,153,0,2,26,287
2020-05-27,1,0,1,12,0,0,0,1,3,0,0,0,0,4,1,4,-1,0,0,14,77,2,0,5,0,1,1,0,0,0,128,1,4,33,292
2020-05-28,0,1,0,11,3,0,0,0,2,13,0,0,0,8,0,3,0,1,0,8,96,0,0,4,0,2,0,0,0,0,185,2,10,34,383
2020-05-29,0,1,0,18,0,1,0,0,7,3,0,1,0,0,1,3,1,-1,0,7,71,0,0,4,3,6,0,0,0,0,168,10,20,20,344
2020-05-30,0,1,0,10,0,0,1,0,8,12,0,0,0,1,1,7,7,0,0,-2,125,3,0,4,0,5,0,0,0,0,110,1,8,21,323
2020-05-31,0,0,0,13,0,0,2,3,3,4,0,-1,0,1,0,13,1,0,0,16,103,0,0,7,0,4,0,0,0,0,120,1,13,23,326
2020-06-01,0,1,0,13,1,1,40,3,2,0,0,0,1,0,0,4,1,0,0,11,121,2,0,13,1,1,1,0,0,0,152,3,2,30,404
2020-06-02,0,0,2,14,0,1,101,0,3,7,0,1,0,0,0,3,23,0,0,7,56,1,0,10,0,5,1,0,1,0,165,7,4,34,446
2020-06-03,0,1,0,12,0,0,21,2,6,8,0,2,0,3,2,1,40,0,0,8,53,0,0,16,0,0,0,2,1,0,110,0,5,45,338
2020-06-04,0,1,0,14,0,1,0,0,7,10,0,-1,0,0,0,5,2,2,0,8,46,0,0,11,0,2,0,0,0,0,181,2,10,55,356
2020-06-05,0,1,1,21,2,0,6,3,4,13,0,0,0,1,1,2,-1,0,0,7,70,1,0,9,0,2,0,0,0,0,180,1,6,14,344
2020-06-06,0,1,1,34,0,1,1,0,2,13,0,0,0,0,0,4,5,0,0,6,119,0,0,12,0,8,0,0,0,0,195,4,11,38,455
2020-06-07,0,-1,0,8,0,1,4,0,3,1,0,1,0,1,0,3,4,0,1,6,50,0,0,6,1,4,0,0,0,0,310,-1,5,8,415
2020-06-08,0,1,0,15,1,0,4,0,3,0,0,0,0,2,0,1,2,0,2,2,46,0,0,8,0,4,0,0,0,0,123,0,7,22,243
2020-06-09,0,2,0,10,0,0,0,0,4,7,0,1,0,0,0,2,1,0,0,3,27,1,0,1,0,1,0,0,2,0,114,11,28,15,230
2020-06-10,0,1,0,11,0,0,0,0,7,2,0,0,0,0,0,6,1,0,2,3,37,0,0,3,0,4,0,0,0,0,98,1,53,22,251
2020-06-11,0,2,0,7,1,0,11,0,6,5,0,0,0,1,0,3,2,0,0,-9,44,0,0,7,0,6,2,0,0,0,87,2,13,13,203
2020-06-12,1,0,0,10,1,0,0,1,3,4,0,0,0,0,0,3,2,0,0,14,15,0,0,5,0,1,2,0,0,0,90,3,15,12,182
2020-06-13,1,0,1,4,0,2,0,1,10,2,0,1,0,3,0,5,-1,0,0,12,44,0,0,1,0,4,1,0,2,0,104,3,36,30,266
2020-06-14,0,0,0,5,5,0,0,0,1,10,0,0,0,1,0,3,0,0,0,8,33,1,0,11,0,-1,0,0,0,0,74,1,26,19,197
2020-06-15,0,1,0,9,0,0,2,1,4,3,0,0,0,0,0,3,3,0,0,-2,41,0,0,8,1,3,0,0,0,0,85,5,7,7,181
2020-06-16,0,0,2,3,0,1,2,0,4,-1,0,1,0,1,1,7,2,1,0,6,23,1,0,3,-1,12,0,0,0,0,79,3,16,18,184
2020-06-17,0,2,1,3,1,0,0,0,-1,7,0,0,0,2,0,4,0,0,1,0,38,0,0,7,0,0,2,0,0,0,94,3,22,4,190
2020-06-18,0,0,1,3,3,0,2,1,0,8,0,0,0,1,0,3,5,0,0,7,27,0,0,6,1,3,0,0,0,0,70,10,8,14,173
2020-06-19,0,0,3,7,0,3,6,0,5,4,0,0,0,1,0,6,2,0,0,6,33,0,0,-2,0,15,0,2,0,0,56,1,17,13,178
2020-06-20,1,1,1,4,0,-1,11,1,-1,6,0,0,0,1,0,2,2,0,2,5,54,0,0,10,-1,12,0,0,0,0,71,5,6,14,206
2020-06-21,0,0,0,7,1,2,2,1,-1,3,0,0,1,2,0,1,2,0,0,1,26,2,1,13,0,5,0,0,0,0,63,9,30,4,175
2020-06-22,0,0,0,5,0,-1,5,2,6,5,0,0,0,2,0,3,1,0,0,1,44,0,0,5,0,4,0,0,0,0,36,4,32,7,161
2020-06-23,0,0,0,1,0,2,0,0,8,0,0,0,0,0,0,1,2,0,6,4,46,0,1,8,-1,9,0,1,1,0,63,5,32,27,216
2020-06-24,0,0,0,2,0,1,0,3,2,11,0,0,1,0,1,2,1,0,0,5,33,0,0,4,0,5,0,0,2,0,71,2,5,12,163
2020-06-25,0,0,0,4,0,2,0,7,3,8,0,0,4,0,0,1,5,0,0,4,50,0,0,10,0,8,1,0,0,0,58,2,3,19,189
2020-06-26,0,0,0,3,0,1,5,-5,3,3,0,0,4,0,-1,2,-1,0,0,6,29,0,0,6,0,5,0,0,0,0,30,2,6,13,111
2020-06-27,0,0,1,3,0,0,1,1,5,4,0,0,5,0,0,2,0,0,0,4,35,0,0,6,0,3,0,0,1,0,56,5,16,12,160
2020-06-28,0,0,0,3,0,0,1,1,5,0,0,0,3,0,0,7,1,1,0,4,46,0,0,0,0,6,0,0,0,0,73,5,11,11,178
2020-06-29,0,1,0,5,0,0,0,-2,6,4,0,0,4,0,0,0,2,0,0,3,40,0,0,10,0,1,0,0,0,0,-4,-2,177,12,257
2020-06-30,0,0,0,6,0,0,0,0,1,14,0,0,5,0,0,3,5,0,0,0,31,0,0,8,0,-2,0,0,0,0,47,1,17,21,157
2020-07-01,0,0,0,2,0,0,-1,2,1,1,0,1,3,0,1,1,2,0,0,8,15,0,0,5,0,0,0,0,0,0,79,2,13,14,149
2020-07-02,0,0,0,3,1,0,0,0,3,0,0,0,0,0,0,0,0,0,0,7,24,0,0,5,0,2,0,0,0,0,71,3,7,27,153
2020-07-03,0,0,0,1,0,1,0,3,4,1,0,0,3,0,1,2,2,0,2,3,22,0,0,2,1,0,1,0,1,0,87,2,3,23,165
2020-07-04,0,0,1,2,0,0,0,1,-3,3,0,1,6,1,0,1,1,3,1,2,23,0,0,6,0,0,0,0,0,0,27,4,21,20,121
2020-07-05,0,1,1,5,0,0,0,-1,3,4,0,0,3,0,1,1,1,3,0,3,28,0,0,0,1,2,0,0,1,0,39,0,27,15,138
2020-07-06,0,1,1,5,1,1,-1,0,10,1,0,0,0,0,-1,0,0,0,0,8,43,0,0,5,0,3,1,0,0,0,59,1,4,12,154
2020-07-07,0,0,1,6,0,0,0,0,9,3,0,-1,0,0,0,0,2,0,0,0,39,0,0,3,0,0,0,0,0,0,30,1,9,10,112
2020-07-08,0,0,0,3,0,0,1,1,1,-1,0,0,0,0,0,1,3,0,2,6,27,0,0,3,0,2,1,0,0,0,50,1,4,13,118
2020-07-09,0,0,0,5,1,0,2,0,2,1,0,0,0,0,0,0,1,0,1,4,28,0,0,0,0,3,0,0,0,0,27,2,86,7,170
2020-07-10,0,1,2,5,0,1,0,0,4,3,0,0,1,0,0,1,4,0,0,2,35,0,0,3,0,4,0,0,0,0,23,3,10,14,116
2020-07-11,1,0,2,11,0,0,-2,0,3,3,0,0,0,0,0,1,1,0,0,9,26,0,0,4,0,1,1,0,0,0,42,3,12,12,130
2020-07-12,0,5,0,6,1,0,0,2,3,0,0,0,0,0,1,5,6,0,0,10,30,0,1,5,0,2,0,0,0,0,36,0,7,9,129
2020-07-13,0,4,2,0,0,0,0,2,1,-3,0,0,0,0,0,2,1,0,0,10,38,0,0,3,0,2,0,0,0,0,34,-1,15,6,116
2020-07-14,0,1,0,5,0,0,0,0,3,9,0,0,0,0,0,0,2,0,0,7,38,0,0,3,0,1,0,0,0,0,14,1,10,17,111
2020-07-15,0,2,0,3,0,0,1,1,2,-2,0,1,0,1,0,0,5,0,0,2,14,0,0,2,0,3,0,0,-1,0,49,-1,15,5,102
2020-07-16,1,0,0,5,0,0,0,1,2,2,0,0,0,0,0,1,0,0,0,15,25,0,1,-1,0,2,0,1,0,0,30,2,14,10,111
2020-07-17,0,0,1,11,2,0,1,-1,2,4,0,0,0,1,0,0,3,0,0,7,3,0,0,4,0,6,0,0,0,0,38,1,21,7,111
2020-07-18,1,0,4,2,1,0,0,1,1,4,0,1,0,0,0,2,3,0,0,19,13,0,0,4,0,3,1,-1,0,0,47,7,47,6,166
2020-07-19,0,0,0,1,1,0,0,1,2,3,0,2,1,1,0,2,9,0,0,16,48,0,0,1,0,4,3,0,1,0,25,0,37,6,164
2020-07-20,0,0,6,3,0,0,0,0,2,1,0,0,0,1,0,1,2,0,1,20,35,0,0,4,0,1,0,0,0,0,26,4,21,7,135
2020-07-21,0,0,9,4,1,-1,0,1,2,5,0,1,0,2,1,0,3,0,-1,43,57,0,0,5,0,3,2,1,0,0,30,1,24,10,203
2020-07-22,0,0,9,2,1,0,0,1,3,0,0,0,0,0,-1,1,2,0,0,33,25,0,0,3,0,3,1,0,0,0,28,4,39,11,165
2020-07-23,0,0,6,2,0,0,0,1,0,-3,0,0,0,0,0,3,10,0,0,14,15,0,0,-2,0,1,3,0,0,0,24,2,23,4,103
2020-07-24,0,1,13,4,0,4,4,0,3,0,0,0,0,0,0,2,1,0,0,27,18,0,1,9,0,7,1,1,0,0,31,3,57,8,195
2020-07-25,0,0,3,1,1,0,0,0,6,1,0,0,3,0,0,7,7,0,1,28,12,0,0,1,0,2,3,0,0,0,23,1,33,5,138
2020-07-26,0,2,0,1,0,2,1,1,0,2,1,2,0,1,0,4,-1,0,0,26,12,0,0,6,1,2,4,2,0,0,39,0,25,4,137
2020-07-27,0,0,6,0,1,0,1,1,2,2,0,0,0,2,0,1,4,0,1,28,4,0,0,0,1,0,1,0,0,0,20,1,40,3,119
2020-07-28,0,2,4,1,0,0,6,0,-1,2,0,0,0,4,0,3,13,0,0,25,7,0,0,0,0,1,9,2,1,0,6,2,22,2,111
2020-07-29,0,0,10,1,1,-2,1,0,1,1,-1,0,0,0,0,0,13,0,0,13,4,0,0,1,1,3,1,6,1,1,-13,2,22,9,76
2020-07-30,0,0,2,3,1,0,0,0,1,1,0,2,0,0,0,2,5,0,0,15,12,0,0,0,0,3,6,3,0,0,10,1,15,7,89
2020-07-31,0,1,3,3,1,1,1,0,-1,4,1,1,0,0,0,3,3,0,0,26,20,1,0,0,0,-1,19,6,0,0,19,0,24,-1,134
2020-08-01,0,4,4,0,1,0,0,1,3,0,0,0,0,0,0,2,3,0,0,17,33,1,0,4,0,1,7,2,2,0,16,0,16,7,124
2020-08-02,0,2,14,4,0,0,3,-1,0,2,0,2,0,4,0,1,0,0,0,16,14,0,1,3,0,1,8,-1,1,0,9,0,13,20,116
2020-08-03,0,0,7,9,1,0,0,1,0,3,0,2,0,11,0,2,0,0,0,4,10,1,0,2,0,2,11,0,0,0,10,0,9,3,88
2020-08-04,0,0,9,3,0,0,0,0,1,3,0,1,0,3,0,2,2,0,0,1,16,1,0,2,0,2,8,0,0,0,22,1,9,5,91
2020-08-05,0,0,14,0,0,0,0,0,2,0,0,0,0,2,0,1,5,0,0,16,11,0,0,0,0,0,4,0,0,0,18,1,2,10,86
2020-08-06,0,0,10,2,0,0,1,1,1,2,0,1,0,-1,0,1,5,0,0,19,7,0,1,-1,0,1,7,1,1,0,30,0,5,1,95
2020-08-07,0,0,6,5,0,0,1,0,2,2,0,0,0,0,0,1,6,0,0,15,15,0,0,4,0,3,7,0,0,0,10,1,4,6,88
2020-08-08,0,0,9,2,-1,1,1,1,3,3,0,3,0,0,1,0,6,0,0,13,13,0,0,-1,-2,1,6,1,0,0,1,2,3,4,70
2020-08-09,0,2,0,0,0,1,0,0,2,4,0,2,0,2,0,1,0,0,0,6,17,0,0,1,0,0,1,1,0,0,25,1,4,9,79
2020-08-10,0,0,5,2,0,1,0,2,5,4,0,0,0,0,0,1,11,0,0,20,19,0,0,5,0,1,4,0,0,0,16,0,12,7,115
2020-08-11,0,0,6,2,0,0,0,0,2,-1,0,3,0,4,-1,2,-1,0,0,7,7,0,0,3,0,0,8,0,0,0,-21,2,10,1,33
2020-08-12,0,2,7,2,0,0,0,-1,2,6,0,1,0,2,0,1,4,0,0,13,16,0,0,3,0,2,4,0,1,0,19,0,8,3,95
2020-08-13,0,0,2,3,0,2,0,1,2,4,0,-2,0,0,0,6,1,0,0,10,19,0,0,8,0,2,3,0,0,0,1,7,9,0,78
2020-08-14,0,0,-1,4,0,1,2,0,4,6,0,1,0,3,0,2,3,0,-1,7,17,1,0,0,0,-1,4,0,0,0,30,0,6,4,92
2020-08-15,0,0,20,1,1,0,1,0,0,7,1,0,0,1,0,7,2,0,0,12,23,0,0,3,0,-1,3,0,0,0,16,-1,3,7,106
2020-08-16,0,0,3,0,0,0,0,2,1,8,0,2,0,0,0,5,5,0,0,3,27,1,0,5,0,1,2,0,0,0,10,2,2,2,81
2020-08-17,0,0,0,2,0,0,0,0,1,-2,1,0,0,4,0,2,1,0,0,19,25,0,0,8,0,2,0,0,0,0,26,0,3,7,99
2020-08-18,0,1,0,4,0,2,0,0,1,6,0,1,0,1,0,1,3,0,0,8,17,0,0,12,0,1,7,0,0,0,27,2,28,3,125
2020-08-19,0,0,-4,1,1,0,2,1,1,2,0,17,0,0,0,1,0,0,0,18,18,0,0,-1,0,1,4,0,1,0,33,2,1,3,102
2020-08-20,0,0,0,1,0,0,1,0,2,0,0,2,1,0,0,7,0,0,0,11,19,0,0,6,0,0,0,0,0,0,21,1,0,4,76
2020-08-21,0,2,1,3,2,0,0,0,4,6,0,1,1,1,1,1,8,0,0,37,21,-1,0,1,0,4,2,0,0,0,25,0,4,7,131
2020-08-22,0,6,-2,7,1,0,0,1,-1,9,0,2,0,0,0,0,0,0,0,14,25,2,0,-1,1,4,2,1,1,0,25,1,4,6,108
2020-08-23,0,0,3,5,1,-1,3,0,3,1,1,3,0,0,3,1,2,0,0,7,32,1,0,4,0,0,4,1,0,0,20,1,10,10,115
2020-08-24,0,0,1,2,0,0,0,1,3,0,0,2,0,1,0,2,1,0,0,24,21,0,0,4,0,1,0,0,0,0,30,0,3,9,105
2020-08-25,0,0,1,0,1,0,0,0,0,4,0,4,0,1,1,0,1,0,1,16,25,0,0,-2,0,4,0,0,1,0,26,2,2,12,100
2020-08-26,0,0,0,1,4,0,0,0,1,-1,2,-1,1,0,0,1,0,0,0,16,22,0,0,2,0,0,7,0,0,0,23,1,2,7,88
2020-08-27,0,0,1,10,0,0,0,0,6,-3,1,0,0,0,1,3,3,0,2,22,19,0,1,2,0,4,0,0,0,0,36,3,12,-5,118
2020-08-28,0,0,2,4,1,0,0,1,3,2,0,0,0,0,1,0,1,0,0,17,27,0,0,3,1,6,0,0,0,0,32,2,4,15,122
2020-08-29,0,0,0,7,-1,-1,3,-1,0,2,0,1,0,0,3,2,1,0,0,20,32,0,0,7,0,4,0,0,0,1,41,1,19,7,148
2020-08-30,0,0,1,3,1,0,0,1,3,4,0,4,0,0,0,0,2,0,0,16,27,0,0,1,1,1,0,0,0,-1,35,1,6,6,112
2020-08-31,1,1,1,5,3,0,3,1,1,0,0,0,0,0,0,1,0,0,0,21,16,1,0,0,0,1,0,0,0,0,41,0,5,12,114
2020-09-01,0,1,0,1,-1,1,1,0,6,6,0,0,0,1,0,0,2,0,0,8,28,0,0,2,0,5,0,0,0,0,26,2,11,12,112
2020-09-02,0,1,0,6,-1,0,0,2,2,5,0,0,0,0,-1,1,0,0,0,12,34,0,0,5,0,5,0,0,0,0,43,0,4,15,133
2020-09-03,0,0,0,4,5,0,0,1,0,2,0,0,0,1,1,5,1,0,0,22,45,1,0,2,0,1,0,0,0,0,31,0,5,5,132
2020-09-04,1,4,0,2,1,0,-1,1,3,5,0,0,0,0,-1,0,0,0,0,13,72,0,1,1,0,2,0,0,0,0,41,0,1,2,148
2020-09-05,0,-1,0,6,3,1,0,1,3,8,0,0,0,0,0,0,2,0,0,30,46,0,0,1,0,4,0,0,0,0,42,1,3,19,169
2020-09-06,0,0,-1,4,1,-1,0,0,5,4,0,0,0,1,0,0,3,0,0,21,44,0,0,1,0,6,0,0,0,0,49,2,3,16,158
2020-09-07,0,1,0,2,0,0,0,-1,5,5,2,0,0,0,2,1,3,0,0,25,57,0,0,4,2,2,0,0,0,0,60,0,3,17,190
2020-09-08,0,0,0,5,2,0,0,0,4,5,0,0,0,0,1,3,1,0,0,37,42,1,0,6,0,3,0,0,0,0,48,3,5,19,185
2020-09-09,0,-1,1,4,0,0,0,0,7,4,0,0,0,0,-2,2,1,0,0,16,41,0,0,6,0,5,0,0,0,0,50,0,2,13,149
2020-09-10,0,0,0,13,2,2,0,0,4,2,0,2,1,1,0,3,2,1,0,12,22,0,0,7,1,4,0,0,0,0,55,3,5,28,170
2020-09-11,0,0,0,9,1,0,0,0,6,6,0,1,1,0,0,-1,4,0,0,37,38,0,0,15,0,3,1,0,0,0,71,2,5,14,213
2020-09-12,0,0,1,10,1,0,2,0,3,2,0,0,1,0,0,2,2,0,0,27,62,0,1,5,1,11,2,0,0,0,77,3,7,12,232
2020-09-13,0,1,0,5,1,0,0,1,8,0,0,0,2,0,1,0,4,0,0,47,35,0,1,7,1,1,0,2,0,0,63,0,13,11,204
2020-09-14,0,0,1,9,2,1,2,0,7,4,0,0,-1,1,0,6,0,1,0,60,71,0,0,7,0,6,1,0,0,0,112,6,4,13,313
2020-09-15,0,0,0,7,5,0,1,2,6,-1,0,1,-1,0,1,6,8,0,0,51,42,1,0,11,1,8,1,0,0,-1,73,5,2,22,251
2020-09-16,0,1,0,24,3,0,0,1,8,4,0,1,1,0,0,5,2,0,0,61,54,2,1,8,0,6,4,3,0,0,77,2,10,37,315
2020-09-17,0,0,0,2,2,0,2,0,12,6,0,0,0,0,1,6,7,0,0,39,63,1,1,6,2,10,1,0,0,0,85,3,7,37,293
2020-09-18,0,1,0,8,3,0,0,0,19,5,0,0,0,0,0,12,8,0,0,61,82,1,1,9,0,10,0,2,2,0,130,5,2,40,401
2020-09-19,1,1,0,6,0,2,0,1,18,12,0,0,0,0,0,10,3,0,1,55,94,0,1,14,1,11,0,0,-1,0,129,14,6,28,407
2020-09-20,0,3,0,19,3,0,1,0,24,6,0,0,0,1,1,3,1,1,1,14,108,0,0,20,2,2,0,0,0,0,113,2,2,38,365
2020-09-21,1,1,0,14,5,1,0,0,12,8,0,0,2,0,1,7,1,0,0,60,84,0,0,13,1,9,0,0,0,0,175,3,7,20,425
2020-09-22,0,1,0,16,6,0,1,1,12,12,0,0,0,1,1,12,3,0,1,90,95,0,1,27,0,8,0,1,1,0,153,7,1,27,478
2020-09-23,0,1,0,-6,3,0,0,0,15,5,0,0,1,-1,4,0,8,0,0,65,79,0,0,13,0,9,0,0,0,0,102,3,4,30,335
2020-09-24,0,6,0,12,2,0,0,2,11,7,0,0,0,0,0,12,3,0,0,82,46,1,0,26,4,4,1,0,1,0,151,1,3,34,409
2020-09-25,1,1,0,12,1,0,0,1,12,2,0,0,2,1,1,8,3,0,0,40,66,0,0,6,1,9,-1,0,0,0,204,2,4,33,409
2020-09-26,0,2,1,5,10,3,1,-1,12,14,0,0,3,0,3,7,9,0,2,45,110,4,1,8,3,6,1,1,0,0,131,9,2,43,435
2020-09-27,0,1,1,19,3,2,1,2,10,8,1,1,3,1,-1,13,20,0,0,58,131,1,0,10,0,8,0,1,0,-2,137,0,4,58,491
2020-09-28,0,1,0,7,7,1,0,1,15,13,0,0,1,0,1,9,20,0,0,89,104,2,1,9,0,12,1,0,0,0,344,3,3,56,700
2020-09-29,0,0,0,14,-1,0,0,0,8,12,1,1,2,0,3,2,7,0,0,106,79,1,-1,12,0,7,1,1,0,0,251,1,4,43,554
2020-09-30,0,1,1,25,2,0,0,0,33,11,3,0,1,0,3,11,9,0,0,64,97,0,1,9,-1,12,2,1,0,2,288,2,7,41,625
2020-10-01,0,6,0,14,4,2,0,0,3,8,0,0,2,0,4,5,6,0,2,66,101,2,0,13,1,14,2,2,1,0,229,7,1,43,538
2020-10-02,1,1,0,34,0,2,0,2,11,6,0,0,4,1,-1,3,11,0,3,141,111,3,0,9,0,13,0,0,0,0,323,10,6,38,732
2020-10-03,1,1,1,7,8,0,1,0,12,16,1,0,5,1,4,3,12,0,9,97,104,2,1,18,1,9,0,0,0,1,284,5,-1,50,653
2020-10-04,0,3,0,13,6,3,0,2,25,6,1,1,3,0,2,7,17,1,1,81,123,1,0,14,1,7,1,0,0,0,196,2,7,42,566
2020-10-05,0,1,1,10,4,2,1,0,26,6,2,3,1,0,1,8,9,0,0,81,88,0,0,15,2,9,2,0,0,1,289,5,1,47,615
2020-10-06,0,3,0,12,13,1,0,2,30,15,0,0,6,-1,1,3,17,-1,-1,62,90,1,0,21,1,10,0,0,0,0,201,4,2,56,548
2020-10-07,2,1,0,12,5,1,2,-1,15,25,-1,1,2,0,4,12,8,0,1,121,70,1,1,17,2,23,0,0,0,-1,173,8,4,75,583
2020-10-08,1,0,0,22,6,0,0,1,33,11,0,1,1,0,0,11,7,0,0,182,134,0,0,10,1,24,0,1,0,0,265,3,5,78,797
2020-10-09,0,2,0,32,5,0,2,0,59,40,1,0,2,1,1,24,10,1,1,126,150,1,0,13,1,28,0,1,0,0,336,16,18,68,939
2020-10-10,0,5,0,25,9,2,1,0,32,24,1,0,1,-1,2,2,12,0,0,94,123,0,0,18,1,14,0,0,1,0,358,4,5,76,809
2020-10-11,2,5,0,29,6,0,0,0,49,35,0,1,5,1,3,6,14,0,0,54,157,0,1,14,4,19,1,0,1,0,140,6,9,87,649
2020-10-12,0,4,0,8,5,2,2,1,20,34,1,2,2,-1,-1,29,9,0,0,119,159,0,0,8,1,19,4,0,0,0,303,10,11,56,807
2020-10-13,0,3,0,17,4,2,1,0,29,15,0,1,1,2,1,13,12,0,1,116,135,0,1,15,0,6,0,0,0,0,311,8,10,42,746
2020-10-14,0,7,0,22,20,1,0,0,21,41,0,0,0,1,1,6,-1,1,0,39,170,0,0,23,1,15,1,1,0,0,270,0,2,79,721
2020-10-15,0,12,0,40,23,0,1,0,28,19,0,0,0,0,3,3,19,0,0,89,136,0,1,13,1,15,7,0,0,0,239,6,1,127,783
2020-10-16,0,3,0,27,18,-1,1,0,46,22,1,1,0,9,1,12,5,0,1,108,135,1,1,12,5,11,1,0,0,0,213,5,12,62,712
2020-10-17,0,8,0,30,9,1,2,0,25,12,1,1,4,2,3,9,7,1,0,70,107,1,0,19,1,6,3,0,0,0,374,10,6,93,805
2020-10-18,0,1,0,45,7,1,0,0,29,11,0,0,-2,2,2,4,5,0,0,66,155,1,1,4,2,18,0,1,0,0,197,13,1,94,658
2020-10-19,1,1,1,16,13,4,1,1,23,17,1,0,-1,0,1,6,9,2,0,51,168,2,1,14,1,17,2,0,0,0,244,2,3,103,704
2020-10-20,0,14,2,32,6,0,1,0,46,36,0,0,0,3,2,10,12,2,0,79,136,2,0,14,0,13,6,0,0,1,327,4,9,64,821
2020-10-21,0,3,4,43,9,0,1,0,24,34,3,1,2,0,2,3,19,-1,0,57,157,0,0,15,1,13,0,1,0,-1,321,5,-2,76,790
2020-10-22,0,4,5,29,10,0,1,0,29,20,1,0,2,0,2,10,9,1,0,72,162,2,1,9,2,24,1,0,0,-2,335,4,2,106,841
2020-10-23,1,0,2,38,19,4,2,2,34,15,2,1,0,1,2,10,9,1,1,87,186,1,0,13,0,3,3,2,1,0,292,16,6,72,826
2020-10-24,0,9,0,51,43,0,2,0,21,10,-1,0,2,-1,6,8,10,-1,0,89,170,0,1,14,8,23,1,2,4,1,348,15,2,141,978
2020-10-25,0,5,9,52,17,1,5,1,31,13,2,1,1,2,4,10,23,0,1,80,289,0,0,21,2,16,5,5,0,-1,309,9,12,117,1042
2020-10-26,1,7,5,23,4,2,10,0,27,41,-1,0,1,1,1,11,4,0,0,76,215,4,2,4,2,28,2,0,0,0,281,8,2,90,851
2020-10-27,0,11,0,44,5,2,3,0,10,14,0,1,2,0,4,7,4,0,0,58,169,2,0,5,2,14,2,2,1,0,355,5,16,89,827
2020-10-28,1,0,2,26,14,0,3,1,24,18,0,0,0,0,2,2,17,0,2,76,186,0,0,11,1,17,0,0,0,0,299,8,3,121,834
2020-10-29,0,9,5,19,13,-1,2,0,35,28,1,3,2,0,6,9,16,1,0,58,169,0,1,13,0,15,5,0,0,0,420,5,5,95,934
2020-10-30,0,6,3,32,27,0,1,1,37,14,1,0,0,0,3,7,19,-1,0,92,173,1,0,12,6,22,2,2,0,0,314,2,5,115,896
2020-10-31,0,3,1,23,6,6,4,0,31,41,2,5,0,1,0,6,23,0,0,94,282,1,2,22,1,20,3,0,2,0,325,13,10,88,1015
2020-11-01,0,25,2,31,9,1,1,2,16,21,1,1,0,1,2,6,31,0,0,130,238,1,0,26,2,23,3,1,0,0,279,4,7,113,977
2020-11-02,1,1,0,32,11,0,2,0,19,30,1,2,0,1,0,7,24,0,0,64,269,0,1,19,1,28,11,0,0,0,315,5,23,81,948
2020-11-03,0,10,5,57,11,0,0,1,86,34,0,0,1,0,0,4,31,0,0,34,212,0,0,20,3,21,20,1,0,0,408,11,4,76,1050
2020-11-04,2,1,0,62,2,1,6,1,47,32,0,1,0,0,0,3,16,0,1,48,299,2,0,21,0,25,3,3,0,0,319,4,3,85,987
2020-11-05,0,13,2,33,23,2,6,0,47,37,2,4,0,2,0,16,22,1,2,45,269,1,0,17,0,9,7,2,0,0,350,9,6,71,998
2020-11-06,1,11,0,24,9,0,-1,3,41,32,1,1,1,1,3,16,26,1,1,43,280,1,0,34,1,14,1,7,0,0,300,15,11,125,1003
2020-11-07,0,12,3,30,6,1,7,1,64,55,0,8,3,2,0,25,31,0,1,78,258,1,0,36,2,14,5,14,1,0,336,12,12,114,1132
2020-11-08,0,7,2,56,10,2,2,0,43,68,1,7,0,2,5,0,21,0,0,71,385,1,1,23,2,20,3,12,5,0,434,18,22,105,1328
2020-11-09,6,5,1,14,8,5,0,1,37,57,0,2,5,2,1,37,18,1,0,74,279,1,0,32,2,10,3,8,7,0,483,16,20,107,1242
2020-11-10,3,3,1,36,8,1,1,0,72,35,0,22,1,-1,1,20,50,0,2,23,395,1,1,42,0,20,7,2,2,0,520,13,7,100,1388
2020-11-11,2,6,3,63,7,1,5,1,30,62,0,6,2,1,4,20,42,1,0,28,468,1,0,40,-2,27,12,6,8,0,384,7,11,180,1426
2020-11-12,0,3,13,61,12,7,3,0,54,30,0,10,2,-1,2,23,27,3,3,91,448,4,1,58,-2,20,14,8,1,0,472,14,39,155,1575
2020-11-13,-1,10,3,41,4,2,2,3,55,43,3,9,6,1,3,2,12,2,2,41,440,1,0,43,0,27,3,6,2,0,440,19,17,155,1396
2020-11-14,0,11,1,64,5,5,2,4,54,34,2,10,10,3,2,19,19,0,0,77,497,5,0,67,2,34,9,5,5,0,456,5,44,130,1581
2020-11-15,0,4,4,62,5,5,5,-1,54,31,4,6,6,2,0,29,23,0,1,62,308,3,1,48,1,26,13,6,4,0,364,24,23,125,1248
2020-11-16,1,9,7,45,9,10,7,2,46,35,3,4,3,1,1,5,19,0,0,51,392,6,1,67,6,35,10,1,4,1,508,14,14,170,1487
2020-11-17,0,9,6,69,5,2,0,3,58,19,-1,2,5,0,1,3,27,0,0,11,256,1,0,42,-5,19,6,1,9,0,569,22,16,94,1249
2020-11-18,0,3,3,40,2,2,5,1,63,46,0,1,3,3,1,2,9,2,3,22,463,0,1,54,0,25,14,1,20,0,410,23,17,178,1417
2020-11-19,0,6,2,57,8,10,2,2,35,37,2,7,3,2,0,19,21,2,1,37,361,1,0,28,2,27,6,1,7,0,346,11,24,143,1210
2020-11-20,0,1,5,46,5,21,0,0,36,36,4,6,0,5,1,37,21,4,2,77,400,2,0,28,4,33,5,0,6,1,393,26,45,168,1418
2020-11-21,0,23,0,56,3,3,6,2,53,47,2,7,0,3,0,26,34,1,2,36,522,6,0,42,0,26,6,3,9,1,450,19,47,153,1588
2020-11-22,0,12,4,50,7,16,10,4,48,66,4,5,2,0,0,7,22,1,5,32,490,3,1,54,2,24,4,1,11,0,460,30,29,130,1534
2020-11-23,0,16,3,41,6,7,6,4,53,61,2,5,0,0,0,13,24,1,4,40,535,1,0,83,3,25,9,4,16,0,336,30,56,205,1589
2020-11-24,0,6,0,16,1,2,0,1,5,10,1,5,0,4,2,6,19,-2,3,19,175,3,0,40,0,25,4,2,1,-1,497,16,31,118,1009
2020-11-25,0,5,2,26,5,2,2,1,30,49,6,0,2,0,-1,26,17,3,2,23,415,2,0,61,3,30,7,1,13,-1,445,13,48,136,1373
2020-11-26,2,6,2,47,9,9,3,7,36,59,7,11,7,1,0,14,23,5,0,24,572,0,0,64,0,18,7,3,4,0,356,29,42,111,1478
2020-11-27,0,16,2,65,9,11,11,6,130,82,3,14,4,-1,3,10,20,2,3,55,517,5,0,74,1,38,10,2,1,0,494,27,52,189,1855
2020-11-28,0,2,0,48,13,10,6,3,68,102,3,11,5,1,0,20,21,1,4,46,516,3,0,105,1,21,7,2,10,0,566,25,57,145,1822
2020-11-29,0,10,5,73,10,1,4,5,31,60,5,9,5,2,4,20,28,1,2,79,503,5,1,63,0,30,17,1,19,0,463,30,37,185,1708
2020-11-30,0,9,3,108,15,3,6,2,35,54,2,9,3,3,3,14,22,2,3,29,390,1,0,74,0,28,7,1,21,0,622,22,38,217,1746
2020-12-01,1,8,1,72,7,12,2,6,47,58,6,8,1,2,2,-10,15,0,1,34,373,1,0,61,0,36,4,-1,5,0,727,13,47,168,1707
2020-12-02,0,8,15,124,5,3,5,5,45,74,6,5,2,1,1,0,18,0,-1,46,500,2,0,103,0,45,12,3,10,0,410,20,60,196,1723
2020-12-03,0,5,5,57,19,4,0,5,68,56,7,9,4,4,6,127,25,2,1,41,592,2,0,87,0,11,8,-2,13,0,396,23,62,187,1824
2020-12-04,0,11,3,94,4,7,1,2,51,43,6,10,7,3,4,39,21,4,2,36,433,3,2,40,2,41,20,0,13,0,633,25,68,152,1780
2020-12-05,0,4,2,41,41,4,4,6,68,89,7,5,13,2,6,25,23,2,2,72,463,4,4,64,1,44,15,-1,13,0,504,48,86,198,1859
2020-12-06,0,10,3,104,17,3,7,7,51,87,5,10,5,5,13,22,35,0,1,61,477,3,3,47,1,44,15,1,7,0,568,32,31,249,1924
2020-12-07,0,6,2,133,22,1,2,2,54,76,2,10,11,0,7,23,27,2,3,48,512,0,0,61,0,60,6,0,9,2,601,30,46,167,1925
2020-12-08,0,1,5,76,4,2,5,4,66,51,0,9,6,6,6,55,15,2,1,21,349,2,0,61,10,62,9,4,2,1,588,28,84,141,1676
2020-12-09,0,8,7,75,8,6,14,8,96,97,9,7,4,1,7,37,43,-1,2,33,471,3,0,64,7,34,15,1,10,1,517,25,94,187,1890
2020-12-10,0,11,4,55,23,6,4,6,51,75,6,3,17,5,9,61,35,1,1,56,515,3,0,65,11,54,17,3,13,2,496,55,112,208,1983
2020-12-11,0,11,-1,91,46,8,9,8,57,58,9,11,13,6,17,33,25,1,1,59,386,1,0,77,19,39,19,0,10,1,469,54,106,205,1848
2020-12-12,1,17,3,80,11,4,9,12,47,109,15,7,24,1,10,37,45,0,0,19,436,3,0,78,10,31,21,3,13,1,522,38,81,185,1873
2020-12-13,0,22,2,86,23,4,3,13,62,90,4,17,13,1,12,25,61,2,0,55,356,4,1,61,4,36,17,0,10,0,456,22,72,143,1677
2020-12-14,0,13,0,68,27,5,7,11,64,134,3,12,11,3,8,43,58,0,0,45,390,4,0,71,3,33,26,0,4,1,544,47,114,191,1940
2020-12-15,0,28,8,92,11,2,11,8,65,99,4,12,5,5,3,31,65,2,1,-9,586,1,1,71,2,55,21,4,3,1,711,37,185,154,2275
2020-12-16,0,7,4,143,10,0,8,3,55,47,7,13,15,0,4,12,51,2,1,36,528,3,0,52,0,46,11,-2,11,0,780,33,111,148,2139
2020-12-17,0,26,6,73,19,9,5,7,104,142,2,17,16,11,6,63,45,0,0,70,434,7,-1,77,0,47,35,3,8,0,737,65,190,209,2432
2020-12-18,0,3,7,89,16,-1,8,3,57,126,2,6,9,9,13,30,47,3,1,52,361,3,0,84,7,61,37,0,11,1,691,51,207,296,2290
2020-12-19,1,22,6,104,6,6,7,10,72,118,2,8,13,19,7,93,118,5,0,40,448,0,2,83,0,67,28,3,16,1,665,43,170,174,2357
2020-12-20,-1,5,6,82,22,9,10,10,97,88,7,14,13,19,3,80,128,4,2,38,468,4,0,91,5,62,25,-1,8,7,486,48,151,326,2316
2020-12-21,1,16,1,91,11,6,19,8,92,36,6,4,6,8,0,64,68,0,1,32,480,6,2,94,2,61,21,2,9,2,611,33,138,192,2123
2020-12-22,-1,5,1,86,6,3,8,6,48,95,3,14,6,15,3,93,41,2,3,19,504,3,0,101,0,46,23,0,5,4,636,34,172,218,2202
2020-12-23,1,14,9,136,9,-2,15,1,88,150,3,11,6,18,-1,72,76,1,2,56,448,3,4,80,3,46,53,3,18,1,629,31,234,190,2408
2020-12-24,0,16,6,92,30,8,11,8,55,101,3,8,7,20,5,67,93,1,1,77,502,9,2,82,1,38,30,5,20,4,646,63,173,263,2447
2020-12-25,1,3,9,93,17,11,9,7,96,77,2,16,7,2,5,44,78,4,2,54,385,4,0,105,1,51,31,0,10,3,616,68,135,213,2159
2020-12-26,0,17,10,67,18,1,12,6,93,136,0,28,13,20,2,50,93,8,5,74,344,8,0,67,5,52,24,2,4,5,541,44,131,262,2142
2020-12-27,1,11,6,71,18,8,8,9,80,74,0,20,0,37,2,53,83,0,5,49,331,14,0,89,1,41,28,4,4,5,572,34,140,207,2005
2020-12-28,0,16,9,59,13,1,7,5,67,100,6,6,9,35,1,108,53,-4,3,41,475,9,0,45,0,56,32,-2,3,3,412,35,178,158,1939
2020-12-29,0,11,19,108,16,3,10,1,78,144,-1,8,3,16,5,86,115,0,1,65,496,0,1,57,0,34,25,1,9,1,895,57,147,142,2553
2020-12-30,0,25,21,158,16,1,4,8,114,69,5,17,4,40,12,67,82,6,1,68,441,3,0,69,4,65,46,2,5,0,998,20,144,408,2923
2020-12-31,0,26,12,114,58,3,12,9,79,156,6,19,13,25,10,112,110,0,0,194,431,8,1,127,6,83,79,8,1,5,888,58,257,418,3328
2021-01-01,1,22,21,149,25,7,29,8,78,111,2,8,5,37,5,52,101,4,4,93,480,13,2,51,1,53,71,3,4,2,499,60,175,300,2476
2021-01-02,9,26,9,115,53,11,36,20,152,171,14,22,8,70,12,94,166,2,5,81,713,20,-1,58,-1,58,56,3,4,1,700,55,226,395,3363
2021-01-03,2,18,19,197,45,15,30,14,100,172,1,27,4,55,5,79,113,3,5,100,346,18,1,157,2,58,29,4,5,6,786,53,187,308,2964
2021-01-04,4,29,25,122,55,2,7,11,70,94,0,22,4,77,2,98,86,3,0,131,581,6,1,126,11,54,42,1,6,0,917,48,246,389,3270
2021-01-05,4,29,39,172,45,7,18,7,128,151,9,21,9,62,4,151,101,3,2,126,614,-1,1,129,2,72,35,4,5,0,778,46,142,213,3128
2021-01-06,7,8,14,145,47,5,7,14,100,153,7,6,14,24,7,127,192,9,2,94,523,4,0,206,3,57,45,8,10,2,805,64,208,349,3266
2021-01-07,12,27,19,174,36,16,11,17,95,146,2,12,4,3,10,115,112,10,15,164,568,12,2,175,-1,78,22,9,7,1,891,90,208,457,3519
2021-01-08,3,41,10,170,45,20,20,13,134,176,4,31,12,56,7,53,213,1,7,154,691,8,6,147,12,75,40,13,8,1,1382,85,184,427,4249
2021-01-09,10,15,11,166,42,11,26,10,78,67,2,22,2,45,3,80,134,1,1,179,548,8,11,116,9,71,47,13,5,0,1070,55,282,303,3443
2021-01-10,3,42,16,190,72,5,22,19,118,64,5,14,10,39,1,173,151,5,17,129,641,10,7,220,1,85,49,8,20,0,1160,69,223,357,3945
2021-01-11,7,14,21,143,69,5,6,9,81,146,5,27,5,90,4,141,168,2,2,159,531,4,1,165,7,84,81,11,4,0,931,56,118,241,3338
2021-01-12,1,6,26,75,18,8,11,10,47,86,-2,23,4,63,4,74,246,6,1,68,545,2,4,166,1,58,51,6,10,0,837,41,158,249,2903
2021-01-13,0,22,14,119,12,5,16,2,88,171,2,11,2,72,5,103,131,2,0,154,536,10,0,146,0,50,52,18,3,2,738,11,245,219,2961
2021-01-14,0,29,17,93,39,11,8,6,85,107,3,29,5,20,3,102,165,0,2,144,572,7,3,100,3,80,18,6,19,0,968,57,268,357,3326
2021-01-15,7,25,18,113,27,8,18,13,81,138,2,20,1,36,5,61,153,1,2,133,618,5,0,161,2,73,19,3,6,0,800,51,148,250,2998
2021-01-16,3,21,10,162,59,7,19,9,61,53,4,8,-1,29,6,60,147,2,4,152,639,4,0,132,2,75,15,7,7,0,903,59,115,283,3056
2021-01-17,2,6,9,97,45,6,13,19,59,91,5,36,2,64,6,166,186,0,0,144,585,10,3,144,-1,47,58,4,15,0,1035,66,254,246,3422
2021-01-18,2,12,28,76,36,1,13,7,79,121,4,15,0,52,1,67,151,1,3,92,507,4,0,85,2,65,31,1,8,0,815,51,97,151,2578
2021-01-19,0,5,13,82,14,2,6,3,71,63,3,37,3,28,0,73,52,4,1,41,346,4,6,79,2,48,22,3,5,0,550,31,81,235,1913
2021-01-20,0,4,13,70,16,1,16,7,51,75,2,11,2,12,2,65,129,-2,0,86,473,9,14,101,0,71,20,4,17,0,925,56,179,226,2655
2021-01-21,5,13,6,92,32,1,7,31,52,69,4,18,2,45,3,76,90,1,0,162,412,6,-1,118,2,70,19,9,5,0,897,49,92,245,2632
2021-01-22,2,6,11,80,37,6,7,16,102,78,1,26,7,6,2,65,95,1,1,75,542,2,4,128,-1,71,19,13,58,0,779,77,118,228,2662
2021-01-23,1,9,8,68,29,0,9,11,77,107,0,14,2,15,4,55,94,3,5,101,422,6,0,86,0,87,21,12,21,3,708,61,100,220,2359
2021-01-24,0,13,17,79,15,5,18,11,78,98,0,8,5,12,2,45,121,-4,6,99,404,9,24,78,0,51,22,11,26,0,785,91,73,215,2417
2021-01-25,0,9,22,62,11,2,2,11,54,55,1,29,3,19,2,46,82,1,0,51,365,1,3,39,0,41,28,8,5,2,727,35,85,157,1958
2021-01-26,0,9,7,51,18,3,3,12,49,59,0,3,-1,6,0,34,49,0,1,32,320,3,4,77,0,36,13,12,6,-1,677,55,59,144,1740
2021-01-27,0,15,15,63,28,1,4,1,48,84,0,6,2,2,3,36,128,0,0,82,342,6,10,75,0,21,3,13,14,0,450,10,37,171,1670
2021-01-28,2,6,25,85,30,3,3,4,64,94,1,18,1,15,7,37,123,0,3,45,331,6,5,56,0,53,16,8,14,0,700,43,67,228,2093
2021-01-29,3,9,15,59,8,7,11,4,54,53,0,4,3,9,4,48,64,1,7,53,295,7,15,91,2,58,24,13,24,-1,595,83,45,170,1837
2021-01-30,7,7,3,89,28,6,5,11,55,88,0,5,1,10,6,41,79,8,3,82,379,4,11,71,2,52,7,14,31,1,713,34,32,178,2063
2021-01-31,3,5,34,55,19,5,4,8,47,49,0,15,-1,9,5,10,87,10,1,55,306,4,10,48,1,52,8,9,13,0,726,30,53,168,1848
2021-02-01,0,5,15,90,14,3,4,19,55,39,0,5,1,9,0,47,61,2,0,25,330,4,0,60,1,36,15,0,7,0,886,36,72,128,1969
2021-02-02,2,1,9,44,4,3,5,2,44,52,1,2,2,3,4,14,65,-14,0,14,334,-1,3,27,0,42,12,1,13,0,-119,17,35,124,745
2021-02-03,2,4,2,42,14,0,9,2,24,26,1,3,3,1,4,46,20,-1,0,58,199,1,2,39,0,24,7,1,17,1,444,26,41,110,1172
2021-02-04,5,7,24,34,20,3,2,12,58,78,1,11,2,10,3,21,58,1,3,46,265,7,5,51,1,55,16,1,10,1,584,12,24,132,1563
2021-02-05,1,20,8,46,11,3,8,17,100,45,1,5,0,-2,0,26,41,1,1,46,317,3,4,64,0,43,16,5,2,-1,667,19,28,125,1670
2021-02-06,1,1,11,46,12,4,5,4,42,57,0,10,2,5,1,26,56,2,1,60,288,0,3,54,0,35,12,2,15,0,455,11,36,131,1388
2021-02-07,2,21,17,50,2,1,5,5,61,88,1,5,1,14,1,27,35,1,9,57,261,3,0,54,2,43,12,10,25,0,517,18,20,121,1489
2021-02-08,3,11,9,61,4,0,1,9,33,33,1,3,2,5,1,36,28,0,1,50,256,0,2,39,0,43,8,5,8,0,421,22,40,130,1265
2021-02-09,3,5,9,25,1,2,4,13,42,12,0,1,4,1,0,24,18,13,0,25,250,0,0,41,0,23,4,2,0,1,343,12,16,128,1022
2021-02-10,2,11,16,21,2,0,4,4,28,28,4,5,2,8,1,22,19,7,0,40,196,2,5,47,0,29,4,2,7,0,393,14,24,125,1072
2021-02-11,3,0,7,33,15,5,4,8,31,46,3,8,0,9,5,20,25,0,4,63,258,1,3,41,3,34,11,11,12,0,112,29,25,116,945
2021-02-12,0,13,0,31,6,2,-1,9,31,30,2,1,2,11,5,7,17,2,0,52,210,3,0,59,3,24,11,6,22,0,361,17,18,122,1076
2021-02-13,3,7,1,47,10,3,1,1,38,48,4,6,7,24,1,17,33,7,11,29,253,0,0,61,0,31,3,5,23,0,433,32,45,116,1300
2021-02-14,1,2,1,35,7,6,3,7,35,40,-1,5,3,14,0,33,19,3,41,49,209,6,4,27,-1,31,10,3,35,0,122,15,46,171,981
2021-02-15,2,12,0,66,13,5,0,7,30,15,2,6,4,10,3,8,23,3,0,66,201,5,2,37,0,34,1,0,20,0,251,2,43,93,964
2021-02-16,0,13,0,37,3,-1,1,6,44,37,0,1,1,5,1,5,27,2,15,30,154,3,-1,31,0,24,6,-4,9,0,320,12,5,118,904
2021-02-17,0,11,3,30,3,2,1,0,12,29,1,1,1,4,3,5,10,0,-1,53,170,6,0,18,0,26,2,4,10,0,257,11,44,131,847
2021-02-18,1,4,0,19,8,-1,0,5,27,49,1,1,3,15,0,20,6,2,25,37,142,9,0,43,0,45,4,3,21,0,376,10,41,122,1038
2021-02-19,-1,1,4,41,12,0,6,4,37,43,1,2,1,7,4,5,17,3,4,73,264,4,6,41,3,23,6,1,15,0,376,17,22,108,1150
2021-02-20,-1,17,2,47,8,0,6,7,40,86,3,3,2,14,0,24,13,17,20,54,228,6,1,38,2,36,4,5,41,0,331,11,31,132,1228
2021-02-21,1,15,2,51,5,4,1,6,20,26,3,12,2,13,1,10,25,3,9,77,156,4,3,43,2,49,1,1,31,0,344,13,32,122,1087
2021-02-22,0,6,-1,45,5,1,8,6,28,56,0,2,1,10,0,9,14,0,26,51,215,-1,7,48,2,47,1,0,32,0,325,18,10,87,1058
2021-02-23,0,8,5,35,2,2,1,4,27,35,0,0,2,11,0,17,21,0,0,18,186,0,3,40,2,48,6,-7,37,0,343,8,32,89,975
2021-02-24,0,7,0,35,6,1,4,3,26,38,3,1,1,3,2,10,13,1,0,40,186,5,2,44,0,53,1,8,45,0,363,9,50,94,1054
2021-02-25,0,19,1,28,20,3,3,2,40,37,5,6,4,8,0,6,12,0,9,64,204,4,1,56,4,44,11,7,44,0,339,18,33,106,1138
2021-02-26,2,17,2,42,11,3,5,10,32,64,3,3,0,6,4,4,19,1,2,52,274,4,5,69,10,25,9,5,42,1,362,35,31,104,1258
2021-02-27,1,41,0,36,7,-1,6,1,32,59,5,7,1,13,0,13,13,0,2,67,220,4,4,52,3,35,11,7,55,0,331,15,26,119,1185
2021-02-28,-1,31,5,23,4,2,6,3,47,45,4,3,1,26,4,13,18,0,14,31,201,7,-1,60,2,20,43,16,22,1,259,42,25,86,1062
2021-03-01,3,16,0,34,9,1,5,1,39,53,4,1,0,14,2,18,30,1,12,72,182,12,1,39,7,39,1,11,55,0,280,12,22,47,1023
2021-03-02,0,13,-2,34,7,-4,2,3,32,23,2,5,0,11,5,6,4,0,5,64,223,4,0,46,0,36,1,19,39,0,253,13,23,99,966
2021-03-03,-1,17,4,41,13,-1,4,-1,20,47,3,2,5,1,8,28,23,2,1,57,164,18,2,46,5,18,5,22,30,1,249,12,21,92,958
2021-03-04,0,9,2,23,9,0,8,4,33,40,4,7,7,39,10,12,37,2,9,49,171,9,0,23,2,39,6,18,24,2,298,18,16,64,994
2021-03-05,1,9,2,55,11,1,10,1,47,74,1,1,4,23,7,26,26,0,8,63,167,15,1,47,4,35,9,18,71,3,337,21,23,129,1250
2021-03-06,0,8,-2,32,12,3,5,8,34,24,0,7,2,27,19,8,8,2,4,60,173,8,0,33,1,27,5,17,54,1,284,17,27,82,990
2021-03-07,0,12,5,58,9,2,12,5,39,89,2,7,3,21,8,29,33,-1,5,48,192,12,0,59,6,36,3,34,53,3,329,38,32,116,1299
2021-03-08,0,20,5,68,15,0,4,4,51,22,0,4,1,19,-1,18,31,0,11,57,322,9,0,51,6,48,4,27,91,1,568,10,46,119,1631
2021-03-09,0,6,11,25,10,3,3,1,48,81,2,2,1,14,7,21,22,3,9,45,235,0,0,46,3,30,5,24,39,1,343,10,30,105,1185
2021-03-10,0,14,9,48,11,1,6,4,48,59,3,1,1,1,11,2,19,-2,8,59,244,16,1,25,1,31,7,13,67,0,428,8,23,149,1316
2021-03-11,0,7,10,36,18,5,2,5,33,38,2,6,1,33,8,26,26,0,4,64,198,8,0,37,2,43,6,11,48,0,294,3,39,79,1092
2021-03-12,1,11,10,35,12,-1,6,4,34,109,1,3,9,27,10,31,22,1,13,83,225,4,1,36,9,43,3,37,52,0,371,19,39,111,1371
2021-03-13,1,24,18,38,12,-1,4,6,46,36,2,0,3,22,15,36,31,0,13,82,226,13,0,51,4,43,25,46,66,0,381,17,40,168,1468
2021-03-14,3,23,3,55,12,1,13,4,38,93,3,7,4,38,3,13,48,1,6,83,352,3,0,48,0,50,8,49,40,1,545,9,28,163,1747
2021-03-15,4,17,5,53,13,1,2,5,47,71,0,3,2,14,19,8,27,1,9,57,220,5,0,18,0,33,8,33,61,0,366,9,10,147,1268
2021-03-16,-1,21,9,27,10,2,1,5,27,66,0,1,7,31,7,16,21,1,3,66,199,1,0,31,2,15,12,9,29,0,313,7,35,101,1074
2021-03-17,4,10,6,42,4,1,12,4,32,36,0,2,8,7,25,23,66,0,4,69,253,10,-1,45,2,74,6,18,63,0,542,11,23,107,1508
2021-03-18,8,11,15,85,33,3,2,5,38,80,1,2,12,48,12,24,28,0,11,82,294,9,1,43,0,15,5,24,30,1,404,18,33,176,1553
2021-03-19,-1,7,14,96,11,5,9,5,53,116,2,3,22,29,16,26,25,0,15,73,344,6,1,35,1,34,12,30,52,0,478,25,27,174,1745
2021-03-20,1,9,23,77,27,3,8,1,40,124,0,2,11,41,32,24,42,4,11,101,287,10,1,18,4,50,9,43,32,3,593,12,29,157,1829
2021-03-21,0,14,14,106,18,4,2,4,52,89,1,3,12,30,31,37,42,8,7,90,350,9,0,25,0,40,14,31,27,2,495,21,36,177,1791
2021-03-22,1,15,10,79,39,8,6,2,57,114,0,1,13,42,12,11,24,2,13,85,318,1,0,31,4,64,11,34,16,1,500,14,16,155,1699
2021-03-23,2,2,12,99,15,8,13,2,64,57,3,0,9,20,13,22,39,1,1,58,329,1,0,31,-1,38,12,15,10,1,465,23,21,161,1546
2021-03-24,1,7,12,86,20,1,12,1,28,84,1,0,6,9,20,39,41,-1,2,89,309,9,0,47,2,25,7,27,47,5,459,17,16,143,1571
2021-03-25,1,18,7,90,46,4,13,5,53,79,1,1,6,40,17,25,45,1,5,152,294,1,0,50,4,48,8,29,34,2,1016,17,24,244,2380
2021-03-26,-1,9,7,123,30,10,9,4,40,122,3,5,7,30,16,50,37,-1,5,129,397,11,1,43,8,48,10,33,17,2,682,13,16,254,2169
2021-03-27,0,9,5,139,23,10,11,2,73,156,8,1,5,31,17,63,72,2,11,115,411,7,3,23,8,43,12,25,25,2,814,18,46,263,2453
2021-03-28,1,7,16,219,27,9,8,5,45,78,11,5,17,26,11,75,49,-1,7,150,356,2,0,64,2,62,24,29,30,0,780,15,41,278,2448
2021-03-29,2,13,11,104,37,8,11,3,74,61,7,1,6,23,18,69,33,1,2,132,368,7,0,52,5,58,15,17,7,0,618,16,38,277,2094
2021-03-30,2,25,12,194,23,4,10,7,91,123,8,2,3,20,5,38,63,0,1,144,434,3,0,31,1,39,11,19,16,0,727,23,28,229,2336
2021-03-31,0,10,1,120,20,1,5,3,50,153,7,1,7,3,6,93,77,1,5,124,433,5,2,38,0,24,20,26,30,0,785,11,50,222,2333
2021-04-01,1,27,14,107,37,14,16,15,82,119,30,4,3,30,7,71,34,3,5,131,484,9,4,46,2,73,13,13,27,2,743,43,37,311,2557
2021-04-02,0,6,5,210,27,11,12,12,85,81,14,8,11,18,9,108,139,1,4,175,539,8,9,52,0,81,11,12,21,0,1052,46,49,273,3089
2021-04-03,6,27,14,138,44,4,7,15,91,146,11,1,9,34,12,145,77,3,10,205,434,9,2,65,2,72,16,25,6,1,954,31,45,348,3009
2021-04-04,3,16,7,163,30,15,18,18,97,96,22,3,1,14,7,117,50,0,5,214,644,22,0,43,7,76,23,32,13,0,847,73,55,310,3041
2021-04-05,1,28,8,140,32,7,4,9,61,84,11,6,10,8,11,71,124,2,2,230,533,9,3,43,4,68,15,28,7,0,906,40,42,391,2938
2021-04-06,5,45,4,101,22,8,12,21,119,128,35,3,12,6,19,82,132,0,6,165,561,2,4,71,8,55,11,23,1,1,955,88,40,320,3065
2021-04-07,4,17,2,187,32,0,17,9,75,104,18,1,22,3,12,113,46,2,6,225,596,10,8,74,0,68,9,29,9,0,1095,42,38,342,3215
2021-04-08,2,20,4,165,38,12,15,19,156,83,29,8,17,17,16,125,110,3,3,160,649,14,2,64,7,124,15,13,5,0,933,43,38,386,3295
2021-04-09,3,30,9,247,64,17,17,16,174,133,16,8,18,35,22,159,107,4,9,246,762,10,8,67,12,96,24,23,7,1,1218,64,69,532,4227
2021-04-10,5,27,6,281,23,7,28,27,112,146,18,6,17,19,12,141,120,4,12,289,669,17,12,76,9,113,18,30,20,-1,973,98,37,442,3813
2021-04-11,9,35,6,329,53,12,19,17,118,116,11,9,23,24,22,159,120,0,13,377,860,16,3,63,2,101,18,22,7,0,1353,61,34,444,4456
2021-04-12,2,30,1,224,38,11,26,20,177,129,14,9,22,17,17,112,147,1,1,339,772,13,0,90,0,135,33,21,11,1,1282,78,64,564,4401
2021-04-13,5,27,7,196,32,12,6,8,157,161,16,1,3,5,19,83,103,5,13,214,613,7,5,121,15,102,30,44,5,0,1016,78,42,519,3670
2021-04-14,6,66,0,248,37,11,38,45,192,189,20,5,15,8,18,121,149,5,6,340,593,14,5,106,-1,70,20,14,3,3,1254,40,40,476,4156
2021-04-15,3,31,7,216,74,46,31,29,140,150,15,22,18,20,8,181,215,2,5,342,983,18,6,81,3,118,36,16,7,2,1188,102,95,526,4736
2021-04-16,7,50,4,268,56,24,44,13,175,204,13,1,15,12,13,123,192,2,7,366,851,28,23,61,8,101,30,20,6,1,1469,60,74,491,4812
2021-04-17,1,46,5,301,34,29,37,25,144,211,16,5,9,6,18,117,151,-1,10,251,936,12,31,84,0,114,15,13,7,1,1162,72,70,430,4362
2021-04-18,1,11,6,279,52,24,35,22,127,151,8,11,11,14,10,117,149,3,10,239,714,15,1,74,3,101,22,15,2,0,1392,73,75,483,4250
2021-04-19,3,39,9,205,32,9,21,28,169,227,7,3,11,5,12,56,203,4,3,233,926,16,12,79,11,114,10,11,4,0,1299,70,39,577,4447
2021-04-20,1,27,2,256,9,13,13,5,130,45,4,4,14,7,8,78,106,0,5,197,775,4,11,76,1,77,20,5,3,1,1074,46,46,406,3469
2021-04-21,8,50,0,214,22,7,21,20,168,276,11,2,8,3,13,117,201,0,9,177,771,11,11,120,0,124,24,8,16,9,1249,82,74,386,4212
2021-04-22,6,38,3,200,64,18,34,4,129,144,9,5,8,16,10,113,165,3,14,279,507,9,17,94,12,69,24,16,7,5,1131,46,47,436,3682
2021-04-23,3,58,12,224,25,5,22,16,144,135,12,1,8,19,11,96,179,0,13,247,1232,9,15,83,-1,96,13,11,15,2,1257,66,65,412,4505
2021-04-24,0,32,3,199,32,14,31,14,109,133,6,7,9,12,12,96,226,1,9,158,1014,8,15,111,5,86,16,4,9,3,1191,78,45,406,4094
2021-04-25,1,31,3,207,31,7,16,6,153,109,13,6,12,8,10,104,115,2,11,209,901,14,3,118,11,111,33,10,13,5,1136,73,59,406,3947
2021-04-26,2,28,8,244,11,9,29,15,143,71,7,5,17,5,7,83,23,2,7,206,909,10,0,49,8,79,16,18,1,2,1015,28,62,391,3510
2021-04-27,3,23,2,171,3,1,8,15,138,119,9,0,9,8,2,79,73,4,6,150,673,5,21,56,4,61,17,6,4,2,1044,49,48,452,3265
2021-04-28,3,30,2,221,19,3,23,8,116,255,12,8,8,7,12,133,341,1,5,180,589,10,0,66,3,65,17,11,6,3,961,34,38,290,3480
2021-04-29,3,19,8,292,16,18,25,21,129,103,13,5,13,16,10,101,104,2,19,147,901,15,15,63,12,117,14,-8,10,6,1172,46,52,392,3871
2021-04-30,6,37,2,208,27,6,22,16,123,204,13,6,10,10,4,85,156,3,12,196,871,13,9,49,5,62,17,9,4,4,1331,54,46,267,3887
2021-05-01,3,11,3,157,21,7,26,7,127,132,10,6,9,12,16,107,89,1,7,158,819,1,16,90,2,71,17,19,5,1,1050,42,41,286,3369
2021-05-02,2,44,6,232,23,4,26,8,129,237,8,1,9,14,4,84,119,1,12,180,797,11,9,33,13,102,12,4,4,4,1198,50,46,306,3732
2021-05-03,1,17,4,271,15,6,13,5,159,194,5,4,12,5,2,61,127,2,10,130,714,9,11,106,2,101,15,6,5,0,985,41,47,351,3436
2021-05-04,1,25,2,147,11,4,13,-9,101,128,2,1,19,6,7,61,89,6,7,112,653,5,3,56,2,52,9,7,2,4,931,25,34,275,2791
2021-05-05,0,31,5,171,12,4,17,9,114,149,15,11,25,17,12,114,108,2,2,140,565,12,3,45,5,65,18,9,8,1,924,27,47,254,2941
2021-05-06,3,23,5,175,23,8,29,10,129,155,11,10,20,8,10,89,127,8,15,108,900,10,12,63,7,95,15,11,9,4,958,41,42,291,3424
2021-05-07,5,41,3,205,15,4,13,19,139,148,11,9,18,16,1,83,65,5,7,106,817,6,14,48,5,64,12,11,1,-1,876,65,35,300,3166
2021-05-08,-2,5,5,125,23,2,20,15,98,133,8,9,11,6,10,110,105,4,18,107,803,7,20,72,4,60,31,3,7,3,684,34,39,285,2864
2021-05-09,1,28,3,187,14,6,18,17,121,113,16,14,14,12,0,101,104,5,5,150,752,10,7,99,3,59,18,5,5,1,903,41,49,335,3216
2021-05-10,1,3,2,168,6,3,8,24,95,106,8,18,9,5,3,28,96,0,0,86,707,11,20,50,20,41,15,5,1,0,807,41,35,294,2716
2021-05-11,1,20,3,144,3,7,1,6,84,92,5,3,17,4,2,56,59,3,3,77,389,1,15,56,2,39,7,9,0,1,685,18,30,231,2073
2021-05-12,7,26,1,139,8,9,25,6,78,113,11,15,9,2,1,77,87,3,9,105,452,11,10,81,4,55,18,6,8,0,712,40,35,157,2320
2021-05-13,6,30,6,147,18,6,15,11,104,133,6,19,7,28,2,78,81,6,6,110,602,10,24,72,8,65,16,12,1,0,774,44,54,258,2759
2021-05-14,1,23,6,148,18,2,17,8,63,112,2,8,9,9,0,66,50,3,4,99,563,23,22,55,2,40,22,1,6,0,691,20,45,224,2362
2021-05-15,1,19,3,157,22,13,16,5,91,115,3,21,9,17,9,71,70,4,7,108,584,17,25,78,-1,68,12,7,5,0,689,36,51,252,2584
2021-05-16,2,18,4,143,10,4,11,13,74,129,9,7,6,7,2,43,59,3,1,74,547,6,37,48,6,42,14,5,2,0,633,18,50,172,2199
2021-05-17,0,17,2,120,10,5,3,16,91,101,2,4,10,11,5,30,59,2,1,90,556,20,20,75,7,59,13,7,0,0,566,21,32,215,2170
2021-05-18,0,19,5,102,9,2,8,9,60,114,13,2,6,2,0,39,47,8,1,56,360,5,7,75,1,38,6,0,-1,1,472,20,14,116,1616
2021-05-19,5,18,6,62,14,5,9,8,49,34,7,8,10,2,4,51,48,9,5,105,335,12,8,21,5,27,14,3,3,1,524,26,56,94,1588
2021-05-20,8,17,1,110,18,14,9,11,69,224,7,6,5,15,4,89,68,0,4,92,528,19,35,78,1,70,11,5,7,3,607,29,55,181,2400
2021-05-21,5,10,1,107,7,6,4,22,70,111,5,11,7,10,1,71,34,6,6,62,468,5,58,48,4,43,15,1,1,0,469,26,31,165,1890
2021-05-22,2,19,1,147,12,2,7,27,78,90,3,7,3,3,6,58,47,3,1,87,355,13,46,64,4,55,13,6,4,2,416,40,33,140,1794
2021-05-23,0,13,1,96,4,3,7,20,50,87,5,8,7,13,1,45,43,2,0,92,326,12,49,59,1,26,8,2,2,2,455,28,51,173,1691
2021-05-24,2,10,1,78,5,3,8,40,47,45,3,4,3,4,2,40,25,2,3,48,393,2,50,53,3,32,4,2,2,0,387,16,32,97,1446
2021-05-25,2,7,0,60,0,1,10,29,38,43,2,0,-1,0,12,9,40,1,1,48,231,2,28,17,1,20,5,0,-1,0,325,15,17,77,1039
2021-05-26,1,13,1,123,3,2,10,10,27,54,2,1,0,3,3,50,36,1,2,64,215,11,19,31,5,18,8,0,2,0,257,9,13,101,1095
2021-05-27,3,14,1,25,2,2,4,3,46,66,9,2,2,1,3,35,22,1,6,37,271,4,36,44,-2,47,9,9,3,-1,316,16,24,75,1135
2021-05-28,1,15,1,72,13,1,7,27,51,78,8,12,0,13,2,39,55,3,0,101,268,14,22,46,2,28,4,2,16,0,269,22,25,56,1273
2021-05-29,1,17,0,54,11,0,6,2,37,71,0,15,3,4,2,41,22,2,1,64,178,5,43,58,3,45,4,1,3,0,228,23,31,82,1057
2021-05-30,-2,11,1,54,4,0,9,18,30,59,2,9,-1,8,0,20,16,1,0,50,214,6,51,37,10,31,17,6,19,0,237,16,20,80,1033
2021-05-31,0,9,5,67,3,1,2,11,26,52,0,3,0,0,0,20,43,1,1,50,165,1,30,49,1,20,4,1,9,0,226,8,23,85,916
2021-06-01,0,6,2,50,0,3,-1,4,17,44,2,1,0,5,0,11,16,1,0,39,144,1,14,25,2,18,3,1,3,0,207,10,19,52,699
2021-06-02,0,10,0,40,3,0,2,-2,18,66,0,7,2,5,1,36,-2,2,0,41,134,3,27,29,1,20,5,0,15,0,173,14,14,69,733
2021-06-03,1,14,2,44,3,3,3,8,18,45,0,3,1,2,0,22,55,4,0,43,167,7,49,37,2,33,3,4,-2,0,225,29,17,28,870
2021-06-04,2,7,4,69,0,1,3,9,33,59,0,3,4,9,-1,24,22,0,1,52,169,4,57,56,1,23,5,3,16,0,214,17,17,31,914
2021-06-05,1,13,1,31,0,12,5,10,10,61,-1,5,4,10,0,11,5,2,1,29,123,6,48,51,0,18,1,0,20,1,181,16,21,48,744
2021-06-06,-1,12,3,33,0,2,4,18,31,33,0,2,0,3,0,14,59,0,0,40,112,3,32,34,2,27,5,2,8,1,115,6,16,47,663
2021-06-07,0,7,0,40,0,1,0,4,26,25,0,1,-1,6,0,8,15,0,0,17,95,3,25,51,0,25,2,3,0,0,114,5,19,34,525
2021-06-08,0,7,0,30,0,0,4,4,24,12,0,3,0,-2,0,3,13,1,0,13,76,1,40,24,1,4,2,3,4,0,182,11,9,0,469
2021-06-09,0,1,1,18,0,0,5,2,10,25,0,2,1,6,1,21,20,2,1,1,72,1,21,35,3,13,4,2,-1,0,97,5,16,26,411
2021-06-10,0,9,0,21,2,8,3,3,17,38,1,2,0,2,3,23,26,9,1,25,130,9,18,61,1,16,1,1,5,-2,114,6,5,32,590
2021-06-11,2,4,1,26,0,5,4,4,30,31,1,5,2,5,1,10,11,3,3,22,84,1,51,79,3,10,3,2,14,2,109,2,16,28,574
2021-06-12,1,14,0,31,0,4,1,5,14,30,1,7,-1,3,0,8,28,5,1,17,71,9,29,51,1,25,2,2,0,0,89,5,12,37,502
2021-06-13,1,1,-1,21,4,4,4,0,21,24,2,3,0,1,3,7,12,5,0,24,81,1,68,97,1,10,3,4,-1,0,102,12,2,14,530
2021-06-14,0,4,1,29,1,5,0,3,9,11,0,5,0,2,0,14,17,3,0,28,61,5,39,56,1,11,3,0,5,0,110,7,6,11,447
2021-06-15,0,5,0,12,0,3,4,2,13,7,0,0,0,4,1,9,6,2,2,11,62,1,8,45,0,8,4,0,0,0,60,1,11,15,296
2021-06-16,0,4,0,15,1,4,1,1,4,12,1,5,0,2,2,23,16,10,2,21,60,8,13,71,3,7,7,4,6,1,54,2,10,14,384
2021-06-17,-1,6,2,13,1,7,3,9,9,8,1,5,1,2,0,17,10,3,-1,34,47,1,17,57,2,9,4,3,1,0,67,4,2,27,370
2021-06-18,-1,0,1,12,5,1,2,2,7,29,0,2,1,1,0,3,13,8,1,9,50,4,16,85,0,7,4,2,1,-1,50,7,2,22,345
2021-06-19,1,6,0,16,0,5,1,2,16,23,0,3,0,1,2,5,9,14,2,16,45,-1,22,54,0,5,4,4,1,0,58,9,14,18,355
2021-06-20,0,0,0,16,2,11,1,2,10,20,0,2,3,3,0,5,13,3,1,26,49,3,14,51,0,4,3,3,2,0,45,3,10,13,318
2021-06-21,0,3,1,11,0,5,0,3,9,7,0,0,4,2,0,4,12,4,0,12,42,1,7,44,1,11,3,8,0,0,47,3,4,22,270
2021-06-22,0,0,0,1,-8,4,1,2,5,11,0,1,1,4,0,2,-1,4,0,11,20,4,5,61,1,-2,1,2,-1,0,123,5,2,37,296
2021-06-23,1,0,1,2,0,3,0,1,6,5,0,2,1,5,0,8,11,23,3,14,25,3,1,53,0,2,4,3,0,0,57,6,5,10,255
2021-06-24,0,2,0,16,2,14,1,-1,2,19,0,1,1,5,0,7,6,5,0,17,20,0,9,95,1,5,4,5,0,1,35,3,7,14,296
2021-06-25,0,3,0,7,1,18,3,3,3,17,1,3,1,9,0,2,5,6,3,7,38,1,11,39,1,8,0,7,3,0,36,9,5,6,256
2021-06-26,0,1,0,9,-6,32,3,2,12,22,1,1,0,12,2,2,15,9,0,12,34,0,24,39,0,4,5,5,4,0,64,15,17,6,346
2021-06-27,0,1,1,14,-1,38,0,0,7,10,-1,2,0,1,0,1,10,8,1,9,26,0,16,66,1,5,6,0,-1,0,42,9,4,12,287
2021-06-28,0,4,0,10,1,25,1,3,5,12,0,1,-1,3,1,9,12,5,2,10,15,1,5,26,0,7,1,-1,1,0,37,3,4,8,210
2021-06-29,0,1,3,10,-3,11,0,0,7,9,2,0,2,1,1,-4,10,4,0,3,20,1,8,69,0,-1,-3,0,0,0,130,6,8,4,299
2021-06-30,0,1,0,5,0,19,4,1,1,17,1,3,-1,0,0,13,6,4,1,11,16,3,3,46,-1,6,-1,1,0,0,17,1,2,5,184
2021-07-01,0,1,4,7,0,51,0,3,17,10,1,3,0,3,1,7,9,6,1,3,14,2,11,56,0,5,3,0,1,0,41,10,4,10,284
2021-07-02,0,1,0,3,2,18,0,1,12,8,0,2,3,2,1,14,2,3,1,5,21,8,4,41,1,3,3,1,1,0,23,4,3,9,200
2021-07-03,0,-1,0,6,-7,20,1,5,22,8,0,2,-1,3,0,2,20,1,0,11,12,1,5,47,1,6,1,2,-2,0,20,9,11,4,209
2021-07-04,0,0,0,6,0,25,1,1,12,10,0,5,2,0,0,9,6,1,0,9,17,1,6,49,0,3,1,2,0,0,42,5,-4,4,213
2021-07-05,0,4,1,1,0,18,0,13,8,8,0,1,1,4,1,4,7,1,0,2,8,1,3,34,2,5,1,0,0,0,27,5,3,7,170
2021-07-06,0,2,-1,6,0,10,0,1,5,9,3,1,3,1,0,3,7,0,2,4,26,5,0,25,-2,2,3,0,1,0,112,3,0,13,244
2021-07-07,0,0,2,6,1,11,4,1,3,16,1,2,6,4,0,5,2,2,1,4,26,5,-1,42,0,1,5,0,2,0,35,6,-1,3,194
2021-07-08,0,3,0,6,0,17,1,3,8,19,0,1,4,0,0,9,5,1,0,9,23,9,2,52,2,12,-1,0,0,0,18,11,-8,4,210
2021-07-09,0,-1,1,9,0,24,-1,2,10,3,0,1,3,4,0,2,3,0,0,4,24,0,5,50,0,2,4,0,0,0,22,5,0,7,183
2021-07-10,0,3,1,3,3,27,0,1,6,16,0,2,1,4,0,6,4,1,0,5,21,0,2,32,0,2,1,0,0,0,23,4,3,8,179
2021-07-11,0,3,0,3,0,18,2,7,4,7,1,3,0,-1,0,9,4,2,0,2,18,0,1,28,0,3,7,0,0,0,28,7,2,8,166
2021-07-12,0,0,1,0,0,18,0,4,4,8,0,1,1,1,0,5,7,2,0,0,9,8,1,15,0,0,1,1,0,0,10,9,4,4,114
2021-07-13,0,0,4,2,-1,7,0,3,6,11,0,0,0,0,0,10,4,0,0,1,13,0,2,36,0,0,2,0,-1,0,43,2,1,1,146
2021-07-14,0,1,0,3,0,20,2,2,4,5,1,2,1,1,0,12,3,2,0,-1,19,1,4,23,0,4,2,1,0,0,28,10,-2,5,153
2021-07-15,0,1,2,3,0,25,1,0,6,8,1,0,-1,1,3,9,2,2,0,2,7,0,4,25,1,4,2,0,1,0,20,7,2,5,143
2021-07-16,0,0,0,8,0,34,0,1,7,9,1,3,0,1,0,9,6,6,0,0,12,0,3,25,0,1,2,0,-1,0,23,7,2,0,159
2021-07-17,0,0,0,7,1,15,0,2,10,9,1,3,1,1,0,6,2,2,1,6,20,0,2,20,0,2,4,3,2,0,37,10,-2,11,176
2021-07-18,2,3,2,9,0,33,0,-2,2,16,1,3,0,0,0,4,4,4,0,5,12,1,10,32,3,2,3,0,0,0,22,0,1,5,177
2021-07-19,1,0,0,4,0,10,1,2,2,14,1,3,0,1,0,10,3,2,0,2,17,1,3,16,0,2,6,0,0,0,18,2,1,8,130
2021-07-20,0,3,0,2,0,10,3,1,10,8,3,0,0,2,0,0,1,3,0,2,10,0,2,17,0,0,1,0,-1,0,34,0,2,14,127
2021-07-21,1,3,0,13,0,5,0,1,9,9,0,0,0,0,-1,10,3,7,2,5,16,2,2,12,0,4,2,1,-1,0,26,0,1,3,135
2021-07-22,0,1,2,11,5,22,1,6,10,17,0,5,0,2,0,9,4,3,2,9,13,0,4,13,0,3,1,0,0,0,18,10,3,11,185
2021-07-23,0,1,3,11,0,10,0,6,4,11,2,1,0,0,0,3,5,1,1,10,25,1,0,18,3,10,0,0,0,0,43,1,4,18,192
2021-07-24,0,0,2,3,4,13,2,1,3,17,0,2,0,0,1,9,2,0,0,6,26,0,4,15,0,2,0,2,1,0,44,3,4,4,170
2021-07-25,1,1,2,11,2,8,2,5,7,11,1,1,0,0,-1,6,7,0,0,2,23,1,5,7,0,2,1,0,3,0,48,3,4,9,172
2021-07-26,0,3,2,9,0,8,1,2,2,15,1,0,0,0,0,1,1,1,0,6,13,0,1,14,0,3,2,1,0,0,22,0,3,8,119
2021-07-27,0,3,3,3,1,9,0,0,6,12,1,0,0,0,0,6,3,0,0,4,22,0,0,5,1,4,1,0,0,0,37,-2,4,6,129
2021-07-28,0,0,1,13,2,1,0,5,8,15,0,0,0,3,0,6,1,1,0,8,10,3,0,16,0,3,3,3,1,0,25,6,5,19,158
2021-07-29,0,1,2,8,1,13,0,9,12,25,0,0,0,2,1,10,1,0,0,8,38,2,0,19,1,4,7,1,-1,0,38,2,4,10,218
2021-07-30,0,1,1,9,1,8,3,3,13,13,1,0,0,0,-1,8,2,1,0,9,24,4,3,35,2,1,4,-1,-1,0,62,4,4,13,226
2021-07-31,0,1,2,22,1,8,1,1,12,27,1,2,1,0,0,11,6,1,0,5,26,3,3,28,1,-4,4,0,0,0,53,6,3,33,258
2021-08-01,0,1,1,13,1,8,0,10,5,14,5,0,2,0,1,16,4,2,0,4,33,2,2,12,6,3,3,0,2,0,40,1,4,23,218
2021-08-02,0,1,0,10,1,7,4,4,12,16,0,1,1,1,0,5,2,-1,1,9,19,0,0,5,0,2,3,0,0,0,43,2,4,16,168
2021-08-03,1,4,1,4,0,1,5,1,6,5,2,0,0,0,1,2,2,0,1,1,22,0,0,14,0,0,3,1,1,0,45,5,13,23,164
2021-08-04,0,1,0,11,0,4,0,2,0,12,2,4,0,-1,0,3,1,0,-1,-1,18,0,0,19,0,3,9,0,0,0,26,2,10,15,139
2021-08-05,0,2,0,7,0,4,2,1,11,18,4,0,0,1,0,10,-1,0,1,10,31,0,0,14,1,5,3,4,0,0,44,6,17,18,213
2021-08-06,0,3,3,13,1,14,2,7,7,15,7,3,1,2,0,15,10,0,0,10,36,1,1,22,0,7,5,1,1,1,80,8,23,41,340
2021-08-07,1,8,1,20,4,3,3,3,5,30,5,1,5,0,3,9,6,1,0,11,38,0,2,20,1,10,1,4,0,-1,94,9,19,62,378
2021-08-08,0,2,0,23,2,4,2,2,17,42,1,1,0,0,0,11,2,0,1,19,51,1,1,21,0,8,9,2,1,1,109,4,29,57,423
2021-08-09,0,2,1,14,3,11,1,0,12,29,3,0,4,0,0,2,6,1,0,4,47,0,0,23,0,10,1,2,0,0,90,4,26,29,325
2021-08-10,1,1,0,5,8,9,0,0,16,31,1,5,-2,2,1,17,2,0,1,8,31,0,0,10,0,15,3,3,0,0,96,5,22,30,321
2021-08-11,0,5,5,14,4,5,2,0,17,41,5,4,1,1,0,8,5,1,0,13,30,1,0,23,0,5,7,1,0,0,72,1,22,31,324
2021-08-12,0,6,3,44,14,6,2,3,20,29,3,3,1,0,2,15,8,0,4,20,64,1,0,17,0,25,5,6,3,0,105,7,27,70,513
2021-08-13,0,13,3,17,-4,3,2,4,26,51,2,1,1,1,4,15,13,3,0,22,61,-1,0,24,0,21,6,4,2,0,129,13,41,33,510
2021-08-14,0,11,9,20,2,3,2,3,21,57,6,1,2,5,4,20,23,0,0,16,67,3,0,18,0,10,6,3,-1,0,153,8,42,64,578
2021-08-15,1,7,3,17,2,1,0,4,24,48,4,11,0,3,5,21,20,0,1,17,69,0,1,24,0,10,2,3,1,0,116,5,27,64,511
2021-08-16,0,1,4,17,0,4,2,4,10,52,2,2,2,3,1,20,11,1,0,20,83,1,0,14,0,18,5,4,0,0,128,5,46,66,526
2021-08-17,1,4,3,19,0,4,1,-1,21,34,3,0,-1,0,2,5,14,-1,0,12,45,0,0,10,0,14,2,2,-3,0,85,0,41,32,348
2021-08-18,0,11,4,16,1,2,6,4,16,36,7,2,2,4,2,27,6,0,4,19,59,1,1,12,0,17,4,7,3,0,108,7,75,22,485
2021-08-19,3,12,4,29,0,3,3,7,17,46,8,3,-2,1,1,22,9,0,-2,19,63,2,2,17,0,25,3,2,0,0,116,13,43,62,531
2021-08-20,3,5,6,25,1,5,3,2,19,55,3,2,3,2,3,39,22,0,2,22,113,4,0,25,1,15,-1,4,2,0,136,8,58,63,650
2021-08-21,0,15,2,36,2,4,2,3,28,69,0,9,4,6,1,52,18,0,1,19,94,3,0,23,1,22,12,4,-1,0,130,3,41,86,689
2021-08-22,3,3,4,39,3,1,5,-1,22,101,6,3,0,1,2,26,15,2,0,23,63,2,2,23,-1,25,7,3,2,0,170,10,88,70,722
2021-08-23,1,15,0,30,6,7,4,9,18,64,4,5,3,3,1,32,11,1,0,27,97,2,1,11,1,19,1,4,0,0,124,11,36,91,639
2021-08-24,0,4,6,6,5,2,5,1,27,45,4,1,0,3,0,15,11,1,1,12,83,2,0,8,-1,16,0,1,-1,0,128,9,47,45,486
2021-08-25,2,4,11,21,2,1,2,1,20,86,4,1,0,3,1,34,11,0,2,29,52,1,1,16,0,24,5,16,0,0,151,15,51,93,660
2021-08-26,3,6,4,51,10,2,8,-1,9,48,3,3,1,2,1,20,14,4,2,15,102,3,1,15,0,19,2,6,1,0,144,5,78,97,678
2021-08-27,1,6,4,40,12,0,5,1,15,66,4,5,2,1,3,29,20,0,1,33,96,3,1,26,0,33,4,-2,2,0,185,25,67,93,781
2021-08-28,0,21,8,44,11,4,3,3,12,90,3,2,2,3,-1,32,16,0,0,35,114,3,4,29,1,27,11,5,3,0,168,18,62,102,835
2021-08-29,2,3,9,33,10,5,4,1,26,106,10,10,2,3,5,32,24,0,0,31,63,3,0,29,1,15,-1,4,1,0,141,15,90,63,740
2021-08-30,3,2,9,38,14,3,1,1,16,74,3,1,-1,1,1,12,20,1,-1,44,104,3,3,14,0,16,1,3,2,0,121,13,74,98,694
2021-08-31,3,19,5,19,3,3,2,0,14,42,4,2,0,0,0,19,41,2,0,10,60,5,1,19,0,21,5,6,0,-1,120,11,60,30,525
2021-09-01,-1,6,12,31,4,3,2,2,29,73,4,1,0,1,0,30,14,3,0,22,59,3,-1,26,-1,22,3,2,2,1,158,20,50,76,656
2021-09-02,0,23,22,22,24,4,5,1,19,89,6,7,3,2,1,27,33,8,2,39,104,2,4,23,0,51,7,-1,2,0,175,22,48,91,865
2021-09-03,0,7,10,50,6,1,0,4,22,46,6,6,4,0,2,18,28,4,1,49,136,1,4,17,0,23,6,4,1,0,175,19,72,85,807
2021-09-04,0,22,18,28,5,1,8,1,28,92,7,3,8,0,0,21,35,8,2,39,118,1,6,30,1,29,5,3,0,0,181,19,113,112,944
2021-09-05,0,11,7,46,19,4,2,4,33,71,3,6,0,4,3,24,42,3,4,52,100,10,0,27,0,34,4,7,3,0,156,5,68,59,811
2021-09-06,0,6,8,21,8,3,3,2,23,40,1,2,3,0,1,20,25,5,1,27,87,2,1,23,0,21,5,1,0,0,114,12,55,61,581
2021-09-07,0,21,17,32,2,1,0,3,17,35,0,5,1,2,0,18,23,2,0,30,52,7,0,6,3,18,5,2,3,0,118,5,72,64,564
2021-09-08,2,10,16,25,5,0,0,2,24,21,1,7,6,0,2,15,33,1,0,22,46,10,0,20,-2,25,-1,3,3,0,149,21,47,41,554
2021-09-09,1,7,15,19,5,5,6,7,25,55,6,1,6,8,3,34,38,2,0,72,73,6,1,31,1,37,11,8,4,0,159,14,66,72,798
2021-09-10,8,6,21,48,21,4,5,6,35,53,4,10,7,4,2,19,24,3,1,52,117,5,0,26,3,27,3,7,0,0,166,10,74,77,848
2021-09-11,1,23,24,29,3,2,9,8,18,55,8,4,7,3,5,24,29,5,4,73,100,10,2,29,0,33,15,8,3,0,170,26,50,77,857
2021-09-12,0,13,19,42,16,0,0,3,29,57,3,4,6,8,3,22,45,7,0,57,67,6,0,19,7,37,11,4,2,0,147,12,73,65,784
2021-09-13,2,10,8,20,3,2,0,2,28,32,1,4,3,4,7,0,28,4,2,59,84,3,0,30,0,16,1,1,2,0,114,16,47,67,600
2021-09-14,1,33,10,13,3,7,2,8,21,19,3,2,2,4,4,18,31,0,1,26,67,5,0,25,1,18,10,5,0,0,116,22,54,46,577
2021-09-15,2,5,9,17,11,0,2,1,26,38,6,4,4,0,7,20,34,0,4,46,61,9,2,20,0,18,10,2,1,0,141,9,45,39,593
2021-09-16,3,3,13,31,17,4,8,12,31,53,0,11,10,9,5,39,27,3,-2,64,122,1,1,30,0,26,17,9,-1,0,162,28,50,78,864
2021-09-17,2,16,26,60,21,7,5,5,10,33,1,3,3,9,3,25,19,1,2,64,77,6,2,38,4,29,15,10,-1,0,166,27,36,71,795
2021-09-18,1,17,16,47,19,5,4,4,19,25,5,4,4,4,2,31,22,2,3,76,114,3,1,23,1,21,11,15,0,0,152,42,48,80,821
2021-09-19,6,9,18,19,28,1,6,2,26,68,10,3,3,12,2,22,41,0,1,56,59,5,1,21,0,19,9,6,0,1,139,14,40,68,715
2021-09-20,-1,6,7,24,6,1,1,5,19,23,8,5,1,5,0,18,22,3,3,54,100,3,0,31,0,19,1,2,1,0,126,17,29,71,610
2021-09-21,1,11,8,21,16,0,1,2,31,18,1,4,1,8,2,19,39,2,1,58,80,3,0,17,0,13,8,3,0,0,104,24,34,44,574
2021-09-22,3,1,8,6,13,0,5,1,22,27,4,4,8,3,3,21,21,0,0,54,41,4,0,17,2,13,1,2,0,0,93,8,48,30,463
2021-09-23,0,22,17,39,29,1,3,2,24,38,2,3,5,18,0,31,26,0,1,29,76,4,7,18,0,11,5,0,-1,5,136,14,39,73,677
2021-09-24,1,13,16,35,30,2,4,6,28,66,6,8,6,8,4,8,19,0,5,70,83,3,4,29,-1,19,2,3,1,3,144,15,33,54,727
2021-09-25,0,9,12,38,30,1,2,3,20,46,1,7,3,12,3,16,28,2,2,50,69,5,2,30,0,20,7,11,0,0,113,12,28,58,640
2021-09-26,1,6,4,28,33,2,3,6,42,66,5,7,3,11,5,16,22,3,2,71,55,6,0,27,3,13,5,3,1,0,109,12,42,41,653
2021-09-27,0,26,16,22,35,2,0,6,10,46,4,7,1,5,0,15,19,1,1,41,70,2,0,22,0,16,6,5,0,0,117,25,45,48,613
2021-09-28,1,3,15,19,7,0,4,3,18,25,5,2,3,6,2,14,25,-1,0,31,39,2,0,13,5,14,3,8,3,1,138,6,31,21,466
2021-09-29,1,10,9,10,5,0,8,5,20,39,9,4,4,18,2,19,32,2,1,39,33,2,1,15,0,9,9,4,1,0,107,9,33,35,495
2021-09-30,0,1,20,43,35,1,2,2,17,42,5,5,12,8,1,21,43,5,1,55,85,4,0,15,0,15,14,5,1,0,94,15,40,40,647
2021-10-01,1,7,25,40,31,2,7,1,17,42,2,10,12,20,7,26,32,1,2,55,65,4,2,15,6,13,7,2,0,0,110,6,43,55,668
2021-10-02,-1,6,16,14,28,8,5,1,15,44,1,9,0,21,3,28,32,3,3,70,67,6,0,31,0,24,23,1,0,1,150,17,32,46,704
2021-10-03,4,2,20,23,25,-2,3,-1,25,24,3,7,2,4,4,18,28,5,9,47,85,5,0,19,0,12,8,6,1,0,110,4,38,42,580
2021-10-04,0,9,8,25,19,4,0,0,15,26,2,10,1,7,3,20,23,5,6,46,88,0,0,11,1,11,11,7,1,0,85,8,29,30,511
2021-10-05,1,1,11,13,3,0,0,1,8,23,4,3,3,15,0,14,14,4,0,47,55,5,0,13,0,19,11,1,0,1,108,7,15,29,429
2021-10-06,0,10,8,21,5,7,2,4,18,33,3,6,3,8,2,25,22,2,0,23,39,6,0,19,0,18,8,10,-1,2,84,1,44,44,476
2021-10-07,2,14,13,28,24,6,0,3,14,23,2,11,1,20,5,19,29,6,1,32,55,1,0,22,2,22,10,10,0,2,119,4,45,42,587
2021-10-08,1,0,14,20,20,3,4,0,19,15,2,4,2,8,2,31,29,3,1,34,80,2,0,28,0,21,15,15,0,5,104,15,35,41,573
2021-10-09,0,9,12,17,13,3,6,4,21,47,5,8,3,15,4,27,20,6,0,50,80,6,0,9,3,27,12,2,0,1,123,14,41,66,654
2021-10-10,1,1,1,16,17,5,1,8,12,39,8,6,5,12,1,9,19,4,1,58,45,6,0,20,0,9,13,15,0,1,98,6,35,63,535
2021-10-11,0,10,11,18,22,3,4,1,12,26,4,11,4,3,1,7,21,0,0,30,71,2,0,9,5,10,18,6,1,0,92,6,14,36,458
2021-10-12,0,1,8,9,6,2,5,4,11,21,6,0,9,7,0,6,13,-1,0,18,62,0,0,10,2,8,13,7,0,1,66,10,21,65,390
2021-10-13,0,7,5,6,9,0,2,0,7,12,2,5,10,0,2,13,17,1,-1,20,18,1,0,3,1,11,11,3,0,0,68,12,32,29,306
2021-10-14,1,1,11,14,55,2,6,1,11,30,5,0,5,6,3,13,9,1,1,29,43,0,1,14,1,18,9,3,1,0,69,13,23,18,417
2021-10-15,2,3,10,15,12,3,6,1,10,24,2,10,9,29,0,11,20,1,1,40,60,8,2,17,1,20,26,2,0,1,74,8,40,28,496
2021-10-16,1,9,9,8,14,2,3,1,13,24,5,8,4,12,3,16,17,0,1,25,60,3,1,14,2,28,16,10,0,0,88,14,40,35,486
2021-10-17,1,5,11,18,22,4,3,3,14,26,5,5,9,12,0,8,11,3,2,31,80,3,1,19,3,9,6,16,0,0,58,4,19,32,443
2021-10-18,0,14,10,12,8,4,0,1,12,26,0,4,-1,8,1,6,3,1,0,36,71,3,0,13,4,13,8,6,1,0,62,11,18,18,373
2021-10-19,0,4,4,4,2,0,4,4,10,17,1,1,2,16,1,18,14,0,1,20,60,0,0,7,0,13,8,12,2,2,52,10,19,20,328
2021-10-20,2,0,6,15,6,0,5,1,8,20,2,4,3,6,5,11,9,2,0,19,13,6,4,9,0,16,13,24,-1,3,46,4,21,22,304
2021-10-21,1,9,0,16,9,2,7,6,18,12,1,1,7,18,0,12,13,0,1,36,54,1,0,16,0,20,17,10,0,1,66,9,21,29,413
2021-10-22,0,6,15,19,7,2,3,0,13,23,5,3,1,16,1,32,29,4,0,38,59,1,0,6,1,17,17,39,5,1,64,9,23,33,492
2021-10-23,2,10,9,21,8,2,4,2,10,7,0,2,2,8,0,15,22,1,0,39,45,1,1,10,0,21,13,19,1,0,41,7,24,26,373
2021-10-24,10,3,6,5,7,3,3,1,18,27,2,3,5,8,0,14,23,1,0,23,42,1,1,19,1,19,14,18,3,0,47,4,8,31,370
2021-10-25,6,2,20,7,0,1,4,0,7,15,2,6,6,8,0,13,12,0,1,24,33,1,0,20,0,10,9,19,4,0,39,10,16,31,326
2021-10-26,2,0,7,4,1,1,7,1,7,7,1,2,5,3,0,14,21,1,0,12,36,0,0,10,0,12,19,11,1,1,39,4,27,13,269
2021-10-27,3,4,2,7,4,1,3,0,17,11,0,3,11,3,1,16,15,-1,0,27,16,2,0,4,0,13,12,27,4,1,66,-1,17,33,321
2021-10-28,2,7,5,7,22,11,4,0,5,17,3,6,19,6,4,13,13,2,1,28,45,0,0,19,0,21,11,26,-1,1,54,9,24,25,409
2021-10-29,2,9,10,6,4,6,7,2,6,23,1,8,17,4,1,12,18,1,0,30,32,2,2,25,0,26,6,26,1,0,63,5,34,30,419
2021-10-30,11,6,9,7,6,4,8,0,14,9,4,8,0,5,0,16,17,0,0,18,32,0,0,19,1,28,15,34,3,0,45,2,11,24,356
2021-10-31,2,1,7,8,16,6,9,0,8,6,1,6,10,4,1,11,27,1,0,12,26,5,0,18,0,13,16,17,1,0,58,6,22,22,340
2021-11-01,9,4,5,6,4,3,7,3,17,20,-1,3,8,8,0,12,10,1,0,38,47,0,0,18,1,25,21,22,5,0,61,5,19,41,422
2021-11-02,9,13,2,2,-2,3,3,0,19,21,3,0,4,7,1,6,13,0,3,23,36,1,0,14,0,22,8,13,1,1,42,2,17,44,331
2021-11-03,3,4,7,9,2,4,9,3,6,23,3,3,14,7,1,4,32,1,0,20,13,1,1,11,2,26,15,17,1,0,64,10,21,41,378
2021-11-04,5,2,2,4,4,6,9,3,11,9,2,9,17,10,1,6,40,0,1,28,26,1,6,16,3,34,19,26,7,2,72,3,17,37,438
2021-11-05,2,3,5,4,7,11,22,2,13,12,4,7,15,8,4,13,23,28,1,44,44,3,2,18,2,49,29,33,1,4,44,17,37,52,563
2021-11-06,7,2,6,16,11,2,9,2,12,19,2,7,8,6,4,7,25,3,1,49,46,5,1,26,0,51,23,35,5,0,76,6,11,25,508
2021-11-07,4,11,7,26,6,5,16,2,25,23,6,15,17,11,6,8,45,8,0,42,41,7,0,38,0,47,19,39,1,0,60,19,33,49,636
2021-11-08,4,1,9,14,15,2,0,3,10,11,5,5,29,9,1,17,29,3,1,36,39,1,1,49,3,16,13,23,10,0,53,8,21,39,480
2021-11-09,10,17,6,17,0,0,5,0,10,14,3,3,19,3,5,9,12,1,0,34,15,5,1,18,0,37,15,61,0,1,55,20,15,30,441
2021-11-10,11,7,7,11,3,1,17,0,16,12,-1,5,14,0,7,5,26,6,2,43,33,5,5,17,1,38,24,29,2,1,42,8,23,34,454
2021-11-11,15,5,2,22,10,1,16,1,16,12,0,16,25,9,4,18,24,2,1,39,61,4,6,26,1,52,26,29,1,0,74,14,48,62,642
2021-11-12,27,19,9,37,3,8,16,0,12,14,2,12,13,4,9,7,22,4,0,37,43,3,3,23,1,55,35,32,2,3,63,5,43,32,598
2021-11-13,29,11,5,35,16,3,9,3,15,12,5,4,21,8,5,19,36,2,0,49,27,4,1,36,1,50,20,35,1,1,86,15,43,54,661
2021-11-14,26,9,6,34,9,5,19,3,11,15,4,6,27,6,9,13,47,6,0,47,42,4,5,30,1,68,17,28,1,2,76,2,47,41,666
2021-11-15,22,1,6,17,5,3,2,1,15,12,0,15,28,0,4,7,30,-1,1,37,51,1,1,20,3,44,24,29,0,1,85,9,30,49,552
2021-11-16,14,10,6,17,4,2,25,0,12,14,1,5,19,13,4,13,16,4,0,41,31,2,1,23,0,33,24,29,0,7,56,11,21,23,481
2021-11-17,17,5,7,29,7,3,19,3,11,20,4,2,21,2,7,15,12,5,1,43,26,5,1,23,2,49,27,21,1,2,54,6,38,24,512
2021-11-18,26,16,4,33,15,5,11,4,12,23,5,10,37,8,8,16,34,3,0,42,40,4,3,37,2,67,15,27,4,4,74,12,71,39,711
2021-11-19,23,14,20,25,14,2,15,2,28,41,9,5,17,4,2,19,28,3,0,31,54,1,3,30,6,71,37,37,3,9,115,10,55,60,793
2021-11-20,26,15,7,26,11,3,25,1,8,19,21,9,34,7,16,14,18,4,5,39,45,4,0,49,2,63,22,60,5,4,89,5,41,31,728
2021-11-21,36,8,3,32,27,2,14,1,28,21,13,4,21,9,3,15,17,2,9,48,43,8,1,25,9,84,31,39,6,19,80,7,50,26,741
2021-11-22,34,10,6,24,0,1,16,3,24,20,7,10,14,3,8,12,25,2,0,32,53,3,0,35,1,53,19,37,6,4,92,7,28,38,627
2021-11-23,34,26,11,22,7,3,11,1,10,13,14,1,21,4,3,16,7,1,0,31,35,7,-1,40,2,73,32,14,5,5,72,14,32,47,613
2021-11-24,23,5,9,27,2,1,15,1,9,10,15,3,33,2,1,18,15,4,2,23,43,3,2,21,0,60,13,21,7,12,74,6,63,48,591
2021-11-25,9,30,2,25,13,7,18,8,28,26,24,4,35,11,7,12,24,5,1,45,48,6,3,20,7,55,39,30,11,10,77,8,57,43,748
2021-11-26,22,16,8,41,17,10,14,3,33,29,22,17,40,14,4,23,18,-1,1,53,54,8,5,44,3,73,25,46,13,17,129,12,62,52,927
2021-11-27,38,17,9,27,12,11,24,4,22,21,15,8,33,10,3,17,16,2,3,44,47,6,-1,23,5,107,21,43,18,9,97,13,82,48,854
2021-11-28,32,22,12,42,27,8,15,8,41,22,17,9,33,3,4,18,29,3,5,58,58,6,1,30,2,81,27,33,25,11,129,7,86,60,964
2021-11-29,43,18,13,30,10,5,6,5,21,20,11,10,47,5,2,26,15,4,0,32,49,4,0,22,5,80,30,17,10,4,106,6,84,48,788
2021-11-30,35,15,18,18,7,5,21,0,47,17,16,11,18,3,6,9,21,0,0,16,60,7,1,13,0,57,19,28,5,1,94,18,71,30,687
2021-12-01,26,24,8,37,1,1,5,7,26,33,22,4,32,4,2,18,16,2,5,44,38,4,0,43,1,64,13,56,10,3,96,10,88,37,780
2021-12-02,35,28,16,21,18,6,18,12,42,27,22,8,36,11,6,26,32,3,1,59,75,8,0,27,4,75,23,32,15,2,118,9,91,53,959
2021-12-03,22,12,17,44,15,5,20,7,27,47,10,11,30,14,6,37,26,6,4,58,60,1,3,39,12,106,30,59,14,8,133,24,68,56,1031
2021-12-04,44,18,14,29,14,11,13,0,30,33,29,9,40,11,5,45,41,6,2,69,59,6,0,39,4,101,24,50,30,7,139,23,54,54,1053
2021-12-05,26,12,33,18,17,9,15,8,56,36,22,12,40,18,10,34,41,7,7,54,81,9,1,46,3,96,45,36,30,9,152,27,86,88,1184
2021-12-06,28,5,14,37,5,5,8,3,30,28,12,12,41,5,9,34,23,0,0,55,60,5,1,33,22,73,27,39,14,1,139,18,41,60,887
2021-12-07,22,16,11,32,4,8,12,5,25,50,15,3,35,10,3,37,25,1,0,48,48,7,0,35,4,68,24,58,8,-1,163,17,51,84,928
2021-12-08,29,25,11,34,17,1,10,7,42,50,27,6,69,2,13,38,26,4,2,92,48,7,0,32,2,82,21,21,20,7,124,15,75,50,1009
2021-12-09,15,31,19,59,19,4,20,11,37,48,23,9,98,13,20,24,44,9,3,36,71,8,0,46,14,103,25,43,10,5,206,37,114,66,1290
2021-12-10,12,38,39,76,19,11,19,5,68,54,33,19,95,9,26,52,47,11,1,109,89,6,8,48,3,73,28,46,11,4,195,19,89,91,1453
2021-12-11,26,23,8,56,11,16,6,14,73,55,35,17,129,15,41,47,66,4,3,123,103,3,10,53,0,99,27,30,17,7,247,48,99,96,1607
2021-12-12,31,4,20,57,13,15,15,6,52,67,18,19,121,15,28,52,43,7,7,98,96,6,3,81,6,81,27,59,8,8,226,33,81,73,1476
2021-12-13,32,9,32,56,12,17,8,9,75,44,42,20,142,19,26,61,21,4,4,116,89,2,8,53,1,73,16,23,8,4,255,34,82,139,1536
2021-12-14,23,18,20,74,11,15,6,18,58,49,30,5,85,14,27,84,58,2,2,120,103,9,1,40,6,68,27,10,4,4,239,19,52,128,1429
2021-12-15,33,23,17,44,10,4,24,9,112,86,20,10,134,6,18,75,25,5,15,117,132,4,7,72,6,114,25,33,4,13,343,46,73,149,1808
2021-12-16,22,17,13,97,23,33,16,13,112,81,30,30,190,33,34,48,115,6,10,206,153,10,5,99,3,107,40,37,9,6,505,45,130,143,2421
2021-12-17,22,20,18,155,21,14,24,13,194,107,38,22,205,31,40,116,55,7,34,294,209,9,7,101,7,138,38,36,7,5,759,70,93,215,3124
2021-12-18,20,36,25,150,37,25,9,14,189,139,28,12,144,26,44,126,81,6,15,256,246,14,10,109,10,186,37,41,11,10,851,78,74,242,3301
