Reported Date,Confirmed Negative,Presumptive Negative,Presumptive Positive,Confirmed Positive,Resolved,Deaths,Total Cases,Total patients approved for testing as of Reporting Date,Total tests completed in the last day,Percent positive tests in last day,Under Investigation,Number of patients hospitalized with COVID-19,Number of patients in ICU due to COVID-19,"Number of patients in ICU, testing positive for COVID-19","Number of patients in ICU, testing negative for COVID-19",Number of patients in ICU on a ventilator due to COVID-19,Num. of patients in ICU on a ventilator testing positive,Num. of patients in ICU on a ventilator testing negative,Total Positive LTC Resident Cases,Total Positive LTC HCW Cases,Total LTC Resident Deaths,Total LTC HCW Deaths,Total_Lineage_B.1.1.7,Total_Lineage_B.1.351,Total_Lineage_P.1
2020-01-26,,,1.0,,,,,,,,9,,,,,,,,,,,,,,
2020-01-27,,,2.0,,,,,,,,19,,,,,,,,,,,,,,
2020-01-28,,,1.0,1.0,,,1.0,,,,11,,,,,,,,,,,,,,
2020-01-30,,,0.0,2.0,,,2.0,,,,27,,,,,,,,,,,,,,
2020-01-31,,,0.0,2.0,,,2.0,,,,17,,,,,,,,,,,,,,
2020-02-03,,,0.0,3.0,,,3.0,,,,29,,,,,,,,,,,,,,
2020-02-04,90.0,12.0,0.0,3.0,,,3.0,139.0,,,34,,,,,,,,,,,,,,
2020-02-05,96.0,8.0,0.0,3.0,,,3.0,150.0,,,43,,,,,,,,,,,,,,
2020-02-06,104.0,0.0,0.0,3.0,,,3.0,169.0,,,62,,,,,,,,,,,,,,
2020-02-08,130.0,25.0,0.0,3.0,,,3.0,197.0,,,39,,,,,,,,,,,,,,
2020-02-10,167.0,81.0,0.0,3.0,,,3.0,259.0,,,8,,,,,,,,,,,,,,
2020-02-11,184.0,79.0,0.0,3.0,,,3.0,285.0,,,19,,,,,,,,,,,,,,
2020-02-12,257.0,44.0,0.0,2.0,1.0,,3.0,313.0,,,9,,,,,,,,,,,,,,
2020-02-13,306.0,16.0,0.0,2.0,1.0,,3.0,340.0,,,15,,,,,,,,,,,,,,
2020-02-14,353.0,0.0,0.0,2.0,1.0,,3.0,364.0,,,8,,,,,,,,,,,,,,
2020-02-17,399.0,0.0,0.0,2.0,1.0,,3.0,402.0,,,0,,,,,,,,,,,,,,
2020-02-18,418.0,0.0,0.0,2.0,1.0,,3.0,421.0,,,0,,,,,,,,,,,,,,
2020-02-19,436.0,0.0,0.0,2.0,1.0,,3.0,456.0,,,17,,,,,,,,,,,,,,
2020-02-20,462.0,,0.0,1.0,2.0,,3.0,479.0,,,14,,,,,,,,,,,,,,
2020-02-21,483.0,,0.0,0.0,3.0,,3.0,498.0,,,12,,,,,,,,,,,,,,
2020-02-24,540.0,,0.0,1.0,3.0,,4.0,553.0,,,9,,,,,,,,,,,,,,
2020-02-25,568.0,,0.0,1.0,3.0,,4.0,593.0,,,21,,,,,,,,,,,,,,
2020-02-26,610.0,,1.0,1.0,3.0,,4.0,629.0,,,14,,,,,,,,,,,,,,
2020-02-27,672.0,,1.0,2.0,3.0,,5.0,699.0,,,21,,,,,,,,,,,,,,
2020-02-28,739.0,,1.0,3.0,3.0,,6.0,768.0,,,22,,,,,,,,,,,,,,
2020-03-02,975.0,,,15.0,3.0,,18.0,1005.0,,,12,,,,,,,,,,,,,,
2020-03-03,1061.0,,,17.0,3.0,,20.0,1126.0,,,45,,,,,,,,,,,,,,
2020-03-04,1216.0,,,17.0,3.0,,20.0,1338.0,,,102,,,,,,,,,,,,,,
2020-03-05,1466.0,,,18.0,4.0,,22.0,1566.0,,,78,,,,,,,,,,,,,,
2020-03-06,1665.0,,,22.0,4.0,,26.0,1763.0,,,72,,,,,,,,,,,,,,
2020-03-07,1918.0,,,24.0,4.0,,28.0,1982.0,,,36,,,,,,,,,,,,,,
2020-03-08,2094.0,,,25.0,4.0,,29.0,2178.0,,,55,,,,,,,,,,,,,,
2020-03-09,2347.0,,,31.0,4.0,,35.0,2404.0,,,22,,,,,,,,,,,,,,
2020-03-10,2599.0,,,31.0,5.0,,36.0,2747.0,,,112,,,,,,,,,,,,,,
2020-03-11,2888.0,,,37.0,5.0,,42.0,3395.0,,,465,,,,,,,,,,,,,,
2020-03-12,3590.0,,,54.0,5.0,,59.0,4185.0,,,536,,,,,,,,,,,,,,
2020-03-13,4470.0,,,74.0,5.0,,79.0,5129.0,,,580,,,,,,,,,,,,,,
2020-03-14,5606.0,,,98.0,5.0,,103.0,6648.0,,,939,,,,,,,,,,,,,,
2020-03-15,7004.0,,,140.0,5.0,,145.0,8465.0,,,1316,,,,,,,,,,,,,,
2020-03-16,8464.0,,,172.0,5.0,,177.0,10178.0,,,1537,,,,,,,,,,,,,,
2020-03-17,9415.0,,,183.0,5.0,1.0,189.0,11171.0,,,1567,,,,,,,,,,,,,,
2020-03-18,10305.0,,,208.0,5.0,1.0,214.0,13897.0,,,3378,,,,,,,,,,,,,,
2020-03-19,12421.0,,,251.0,5.0,2.0,258.0,16650.0,,,3971,,,,,,,,,,,,,,
2020-03-20,13718.0,,,311.0,5.0,2.0,318.0,19511.0,,,5475,,,,,,,,,,,,,,
2020-03-21,15768.0,,,369.0,6.0,2.0,377.0,23384.0,,,7239,,,,,,,,,,,,,,
2020-03-22,17634.0,,,412.0,8.0,5.0,425.0,26420.0,,,8361,,,,,,,,,,,,,,
2020-03-23,19586.0,,,489.0,8.0,6.0,503.0,28506.0,,,8417,,,,,,,,,,,,,,
2020-03-24,21795.0,,,572.0,8.0,8.0,588.0,32457.0,,,10074,,,,,,,,,,,,,,
2020-03-25,24458.0,,,667.0,8.0,13.0,688.0,35635.0,,,10489,,,,,,,,,,,,,,
2020-03-26,26727.0,,,835.0,8.0,15.0,858.0,38550.0,,,10965,,,,,,,,,,,,,,
2020-03-27,29967.0,,,967.0,8.0,18.0,993.0,41032.0,,,10074,,,,,,,,,,,,,,
2020-03-28,33240.0,,,1117.0,8.0,19.0,1144.0,43072.0,,,8690,,,,,,,,,,,,,,
2020-03-29,40630.0,,,1324.0,8.0,23.0,1355.0,49186.0,,,7203,,,,,,,,,,,,,,
2020-03-30,,,,1252.0,431.0,23.0,1706.0,48461.0,,,5651,,,,,,,,,,,,,,
2020-03-31,,,,1399.0,534.0,33.0,1966.0,51629.0,,,4280,,,,,,,,,,,,,,
2020-04-01,,,,1681.0,674.0,37.0,2392.0,57874.0,,,3135,,,,,,,,,,,,,,
2020-04-02,,,,1909.0,831.0,53.0,2793.0,62733.0,,,2052,405.0,,167.0,,,112.0,,,,,,,,
2020-04-03,,,,2165.0,1023.0,67.0,3255.0,66753.0,,,1245,462.0,,194.0,,,140.0,,,,,,,,
2020-04-04,,,,2317.0,1219.0,94.0,3630.0,71338.0,,,1336,506.0,,196.0,,,152.0,,,,,,,,
2020-04-05,,,,2470.0,1449.0,119.0,4038.0,75046.0,,,981,523.0,,200.0,,,154.0,,,,,,,,
2020-04-06,,,,2591.0,1624.0,132.0,4347.0,78796.0,,,329,589.0,,216.0,,,160.0,,,,,,,,
2020-04-07,,,,2771.0,1802.0,153.0,4726.0,81364.0,,,691,614.0,,233.0,,,187.0,,,,,,,,
2020-04-08,,,,3028.0,2074.0,174.0,5276.0,84601.0,,,1102,605.0,,246.0,,,195.0,,,,,,,,
2020-04-09,,,,3254.0,2305.0,200.0,5759.0,88698.0,,,1208,632.0,,264.0,,,214.0,,,,,,,,
2020-04-10,,,,3441.0,2574.0,222.0,6237.0,92673.0,,,1598,673.0,,260.0,,,217.0,,,,,,,,
2020-04-11,,,,3537.0,2858.0,253.0,6648.0,96321.0,,,1517,691.0,,257.0,,,215.0,,,,,,,,
2020-04-12,,,,3654.0,3121.0,274.0,7049.0,103165.0,,,1619,738.0,,261.0,,,196.0,,,,,,,,
2020-04-13,,,,3822.0,3357.0,291.0,7470.0,108230.0,,,1534,760.0,,263.0,,,203.0,,,,,,,,
2020-04-14,,,,4051.0,3568.0,334.0,7953.0,113082.0,,,2107,769.0,,255.0,,,199.0,,,,,,,,
2020-04-15,,,,4160.0,3902.0,385.0,8447.0,119092.0,6010.0,,4429,795.0,,254.0,,,188.0,,,,,,,,
2020-04-16,,,,4344.0,4194.0,423.0,8961.0,128093.0,9001.0,,4323,807.0,,248.0,,,200.0,,,,,,,,
2020-04-17,,,,4491.0,4556.0,478.0,9525.0,136992.0,8899.0,,5993,829.0,,245.0,,,200.0,,,,,,,,
2020-04-18,,,,4621.0,4875.0,514.0,10010.0,146454.0,9462.0,,6833,828.0,,250.0,,,197.0,,,,,,,,
2020-04-19,,,,4816.0,5209.0,553.0,10578.0,156097.0,9643.0,8.5,5736,809.0,,247.0,,,196.0,,,,,,,,
2020-04-20,,,,5085.0,5515.0,584.0,11184.0,164840.0,8743.0,7.1,3799,802.0,,247.0,,,193.0,,,,,,,,
2020-04-21,,,,5307.0,5806.0,622.0,11735.0,174170.0,9330.0,7.7,5546,859.0,,250.0,,,194.0,,,,,,,,
2020-04-22,,,,5365.0,6221.0,659.0,12245.0,184531.0,10361.0,8.1,6845,878.0,,243.0,,,192.0,,,,,,,,
2020-04-23,,,,5486.0,6680.0,713.0,12879.0,194745.0,10214.0,7.3,6757,887.0,,233.0,,,185.0,,,,,,,,
2020-04-24,,,,5669.0,7087.0,763.0,13519.0,207040.0,12295.0,5.0,5414,910.0,,243.0,,,193.0,,,,,,,,
2020-04-25,,,,5675.0,7509.0,811.0,13995.0,217618.0,10578.0,5.7,8171,925.0,,245.0,,,195.0,,,,,,,,
2020-04-26,,,,5597.0,8000.0,835.0,14432.0,229638.0,12020.0,7.1,7417,938.0,,252.0,,,195.0,,,,,,,,
2020-04-27,,,,5439.0,8525.0,892.0,14856.0,242188.0,12550.0,6.0,5001,945.0,,241.0,,,191.0,,,,,,,,
2020-04-28,,,,5466.0,8964.0,951.0,15381.0,253040.0,10852.0,5.7,6282,957.0,,239.0,,,187.0,,,,,,,,
2020-04-29,,,,5120.0,9612.0,996.0,15728.0,264594.0,11554.0,5.2,9530,977.0,,235.0,,,186.0,,,,,,,,
2020-04-30,,,,4900.0,10205.0,1082.0,16187.0,277522.0,12928.0,4.5,11859,999.0,,233.0,,,181.0,,,,,,,,
2020-05-01,,,,4662.0,10825.0,1121.0,16608.0,294054.0,16532.0,4.9,11975,1017.0,244.0,225.0,19.0,187.0,175.0,12.0,,,,,,,
2020-05-02,,,,4553.0,11390.0,1176.0,17119.0,310359.0,16305.0,4.6,12829,977.0,236.0,221.0,15.0,178.0,154.0,24.0,,,,,,,
2020-05-03,,,,4332.0,12005.0,1216.0,17553.0,327505.0,17146.0,4.7,9785,1010.0,246.0,232.0,14.0,184.0,174.0,10.0,,,,,,,
2020-05-04,,,,4118.0,12505.0,1300.0,17923.0,342060.0,14555.0,5.4,6265,984.0,243.0,225.0,18.0,189.0,175.0,14.0,,,,,,,
2020-05-05,,,,4170.0,12779.0,1361.0,18310.0,352714.0,10654.0,5.0,6023,1043.0,243.0,223.0,20.0,187.0,166.0,21.0,,,,,,,
2020-05-06,,,,4071.0,13222.0,1429.0,18722.0,365675.0,12961.0,4.1,8790,1032.0,240.0,219.0,21.0,189.0,174.0,15.0,,,,,,,
2020-05-07,,,,4075.0,13569.0,1477.0,19121.0,380854.0,15179.0,3.5,13012,1033.0,234.0,220.0,14.0,175.0,155.0,20.0,,,,,,,
2020-05-08,,,,4068.0,13990.0,1540.0,19598.0,397149.0,16295.0,3.2,14641,1028.0,230.0,213.0,17.0,177.0,166.0,11.0,,,,,,,
2020-05-09,,,,3962.0,14383.0,1599.0,19944.0,416376.0,19227.0,3.2,15307,1016.0,218.0,203.0,15.0,171.0,158.0,13.0,,,,,,,
2020-05-10,,,,3832.0,14772.0,1634.0,20238.0,433994.0,17618.0,3.7,14816,961.0,211.0,195.0,16.0,161.0,140.0,21.0,,,,,,,
2020-05-11,,,,3746.0,15131.0,1669.0,20546.0,447964.0,13970.0,3.1,9018,1027.0,215.0,194.0,21.0,164.0,147.0,17.0,,,,,,,
2020-05-12,,,,3791.0,15391.0,1725.0,20907.0,459921.0,11957.0,4.7,10811,1025.0,211.0,192.0,19.0,157.0,146.0,11.0,,,,,,,
2020-05-13,,,,3626.0,15845.0,1765.0,21236.0,475058.0,15137.0,3.7,13395,1018.0,207.0,189.0,18.0,160.0,144.0,16.0,,,,,,,
2020-05-14,,,,3579.0,16204.0,1798.0,21581.0,492487.0,17429.0,3.5,17578,1026.0,201.0,184.0,17.0,156.0,141.0,15.0,,,,,,,
2020-05-15,,,,3456.0,16641.0,1825.0,21922.0,510841.0,18354.0,4.1,14373,986.0,194.0,179.0,15.0,147.0,135.0,12.0,,,,,,,
2020-05-16,,,,3435.0,17020.0,1858.0,22313.0,528609.0,17768.0,5.4,10565,975.0,196.0,180.0,16.0,151.0,135.0,16.0,,,,,,,
2020-05-17,,,,3412.0,17360.0,1881.0,22653.0,544826.0,16217.0,7.8,4414,934.0,188.0,171.0,17.0,144.0,129.0,15.0,,,,,,,
2020-05-18,,,,3415.0,17638.0,1904.0,22957.0,553981.0,9155.0,8.0,2189,972.0,190.0,174.0,16.0,144.0,133.0,11.0,,,,,,,
2020-05-19,,,,3567.0,17898.0,1919.0,23384.0,559794.0,5813.0,6.0,2294,987.0,192.0,167.0,25.0,142.0,123.0,19.0,4235.0,1456.0,1115.0,3.0,,,
2020-05-20,,,,3622.0,18190.0,1962.0,23774.0,567176.0,7382.0,6.8,4444,991.0,185.0,160.0,25.0,137.0,120.0,17.0,4518.0,1573.0,1224.0,4.0,,,
2020-05-21,,,,3685.0,18509.0,1993.0,24187.0,577682.0,10506.0,5.8,5051,984.0,181.0,155.0,26.0,137.0,117.0,20.0,4656.0,1601.0,1242.0,4.0,,,
2020-05-22,,,,3840.0,18767.0,2021.0,24628.0,588958.0,11276.0,5.5,5516,961.0,176.0,153.0,23.0,140.0,120.0,20.0,4711.0,1623.0,1262.0,4.0,,,
2020-05-23,,,,3846.0,19146.0,2048.0,25040.0,599986.0,11028.0,5.1,5871,912.0,175.0,147.0,28.0,138.0,119.0,19.0,4784.0,1650.0,1282.0,4.0,,,
2020-05-24,,,,3950.0,19477.0,2073.0,25500.0,611369.0,11383.0,6.4,3216,878.0,176.0,148.0,28.0,136.0,104.0,32.0,4834.0,1668.0,1300.0,4.0,,,
2020-05-25,,,,4104.0,19698.0,2102.0,25904.0,619539.0,8170.0,5.0,3883,859.0,175.0,148.0,27.0,136.0,114.0,22.0,4862.0,1678.0,1323.0,4.0,,,
2020-05-26,,,,4110.0,19958.0,2123.0,26191.0,629414.0,9875.0,3.5,6961,848.0,172.0,143.0,29.0,134.0,113.0,21.0,4892.0,1703.0,1335.0,4.0,,,
2020-05-27,,,,3956.0,20372.0,2155.0,26483.0,644547.0,15133.0,3.0,11817,847.0,173.0,150.0,23.0,135.0,117.0,18.0,4936.0,1721.0,1352.0,4.0,,,
2020-05-28,,,,4004.0,20673.0,2189.0,26866.0,662162.0,17615.0,3.3,11868,833.0,163.0,137.0,26.0,122.0,94.0,28.0,4964.0,1745.0,1377.0,5.0,,,
2020-05-29,,,,3997.0,20983.0,2230.0,27210.0,680687.0,18525.0,2.8,13351,826.0,159.0,129.0,30.0,121.0,100.0,21.0,4989.0,1775.0,1412.0,5.0,,,
2020-05-30,,,,3933.0,21353.0,2247.0,27533.0,701327.0,20640.0,3.4,12760,801.0,155.0,121.0,34.0,119.0,84.0,35.0,5003.0,1793.0,1423.0,5.0,,,
2020-05-31,,,,3783.0,21810.0,2266.0,27859.0,718341.0,17014.0,3.4,9647,781.0,156.0,118.0,38.0,111.0,90.0,21.0,5035.0,1802.0,1438.0,6.0,,,
2020-06-01,,,,3834.0,22153.0,2276.0,28263.0,732720.0,14379.0,3.1,6427,781.0,161.0,125.0,36.0,111.0,89.0,22.0,5097.0,1814.0,1445.0,6.0,,,
2020-06-02,,,,3932.0,22484.0,2293.0,28709.0,747964.0,15244.0,3.8,10622,801.0,160.0,125.0,35.0,111.0,87.0,24.0,5158.0,1825.0,1465.0,5.0,,,
2020-06-03,,,,3924.0,22811.0,2312.0,29047.0,765501.0,17537.0,2.1,11636,791.0,158.0,127.0,31.0,118.0,92.0,26.0,5172.0,1843.0,1472.0,5.0,,,
2020-06-04,,,,3838.0,23208.0,2357.0,29403.0,786323.0,20822.0,2.1,12760,776.0,152.0,121.0,31.0,116.0,94.0,22.0,5202.0,1865.0,1509.0,5.0,,,
2020-06-05,,,,3792.0,23583.0,2372.0,29747.0,809053.0,22730.0,1.8,12247,749.0,149.0,118.0,31.0,118.0,94.0,24.0,5222.0,1883.0,1519.0,5.0,,,
2020-06-06,,,,3848.0,23947.0,2407.0,30202.0,832158.0,23105.0,2.0,12384,673.0,146.0,117.0,29.0,116.0,97.0,19.0,5248.0,1892.0,1549.0,5.0,,,
2020-06-07,,,,3939.0,24252.0,2426.0,30617.0,851532.0,19374.0,2.1,6779,635.0,142.0,117.0,25.0,114.0,92.0,22.0,5254.0,1921.0,1557.0,5.0,,,
2020-06-08,,,,3918.0,24492.0,2450.0,30860.0,866889.0,15357.0,2.6,4811,603.0,143.0,118.0,25.0,107.0,81.0,26.0,5256.0,1932.0,1575.0,5.0,,,
2020-06-09,,,,3797.0,24829.0,2464.0,31090.0,880398.0,13509.0,1.5,11020,600.0,141.0,116.0,25.0,104.0,88.0,16.0,5274.0,1948.0,1585.0,5.0,,,
2020-06-10,,,,3486.0,25380.0,2475.0,31341.0,900339.0,19941.0,1.6,13897,580.0,144.0,118.0,26.0,102.0,86.0,16.0,5294.0,1963.0,1591.0,5.0,,,
2020-06-11,,,,3172.0,25885.0,2487.0,31544.0,924680.0,24341.0,1.6,16359,538.0,145.0,120.0,25.0,103.0,87.0,16.0,5307.0,1967.0,1600.0,5.0,,,
2020-06-12,,,,3041.0,26187.0,2498.0,31726.0,953015.0,28335.0,1.4,18512,527.0,140.0,114.0,26.0,106.0,84.0,22.0,5314.0,1984.0,1606.0,5.0,,,
2020-06-13,,,,2947.0,26538.0,2507.0,31992.0,980471.0,27456.0,1.0,26158,489.0,136.0,110.0,26.0,97.0,68.0,29.0,5327.0,2001.0,1610.0,5.0,,,
2020-06-14,,,,2709.0,26961.0,2519.0,32189.0,1003749.0,23278.0,1.3,25290,438.0,128.0,103.0,25.0,96.0,77.0,19.0,5368.0,2029.0,1625.0,6.0,,,
2020-06-15,,,,2630.0,27213.0,2527.0,32370.0,1025500.0,21751.0,1.3,18258,419.0,129.0,104.0,25.0,88.0,69.0,19.0,5380.0,2041.0,1629.0,6.0,,,
2020-06-16,,,,2585.0,27431.0,2538.0,32554.0,1047224.0,21724.0,1.2,17920,413.0,126.0,98.0,27.0,89.0,70.0,19.0,5357.0,2060.0,1632.0,6.0,,,
2020-06-17,,,,2410.0,27784.0,2550.0,32744.0,1071429.0,24205.0,1.1,21635,383.0,118.0,92.0,26.0,82.0,65.0,17.0,5359.0,2097.0,1636.0,6.0,,,
2020-06-18,,,,2360.0,28004.0,2553.0,32917.0,1096707.0,25278.0,1.1,24887,351.0,111.0,84.0,27.0,78.0,60.0,18.0,5360.0,2115.0,1636.0,6.0,,,
2020-06-19,,,,2281.0,28250.0,2564.0,33095.0,1123932.0,27225.0,1.1,21479,331.0,108.0,82.0,26.0,78.0,65.0,13.0,5384.0,2142.0,1645.0,6.0,,,
2020-06-20,,,,2238.0,28468.0,2595.0,33301.0,1151319.0,27387.0,1.1,16963,333.0,108.0,80.0,28.0,82.0,63.0,19.0,5345.0,2153.0,1651.0,6.0,,,
2020-06-21,,,,2151.0,28719.0,2606.0,33476.0,1174727.0,23408.0,1.4,15424,286.0,114.0,86.0,28.0,76.0,59.0,17.0,5355.0,2176.0,1657.0,6.0,,,
2020-06-22,,,,2095.0,28933.0,2609.0,33637.0,1196627.0,21900.0,1.8,10027,265.0,107.0,76.0,31.0,74.0,58.0,16.0,5364.0,2192.0,1654.0,6.0,,,
2020-06-23,,,,2127.0,29107.0,2619.0,33853.0,1212816.0,16189.0,1.3,16418,288.0,106.0,75.0,31.0,70.0,54.0,16.0,5392.0,2205.0,1664.0,6.0,,,
2020-06-24,,,,2049.0,29336.0,2631.0,34016.0,1236023.0,23207.0,1.3,21398,278.0,101.0,73.0,28.0,65.0,48.0,17.0,5427.0,2244.0,1683.0,5.0,,,
2020-06-25,,,,2036.0,29528.0,2641.0,34205.0,1263534.0,27511.0,0.9,24607,270.0,97.0,69.0,28.0,62.0,47.0,15.0,5436.0,2258.0,1689.0,5.0,,,
2020-06-26,,,,1918.0,29754.0,2644.0,34316.0,1294314.0,30780.0,1.1,27344,256.0,92.0,61.0,31.0,58.0,41.0,17.0,5445.0,2268.0,1692.0,5.0,,,
2020-06-27,,,,1892.0,29932.0,2652.0,34476.0,1327806.0,33492.0,1.4,33759,252.0,87.0,54.0,33.0,53.0,35.0,18.0,5457.0,2282.0,1698.0,5.0,,,
2020-06-28,,,,1889.0,30107.0,2658.0,34654.0,1356439.0,28633.0,1.0,29592,214.0,86.0,51.0,35.0,55.0,36.0,19.0,5468.0,2288.0,1700.0,5.0,,,
2020-06-29,,,,2050.0,30196.0,2665.0,34911.0,1383566.0,27127.0,1.0,16701,232.0,82.0,46.0,36.0,54.0,35.0,19.0,5468.0,2283.0,1706.0,5.0,,,
2020-06-30,,,,2052.0,30344.0,2672.0,35068.0,1407325.0,23759.0,1.0,19318,213.0,74.0,42.0,32.0,50.0,34.0,16.0,5473.0,2284.0,1710.0,5.0,,,
2020-07-01,,,,2015.0,30526.0,2676.0,35217.0,1433381.0,26056.0,0.8,23326,209.0,70.0,43.0,27.0,45.0,30.0,15.0,5476.0,2292.0,1710.0,5.0,,,
2020-07-02,,,,1960.0,30730.0,2680.0,35370.0,1457703.0,24322.0,0.8,13922,119.0,71.0,40.0,31.0,45.0,26.0,19.0,5488.0,2290.0,1712.0,6.0,,,
2020-07-03,,,,1944.0,30909.0,2682.0,35535.0,1481897.0,24194.0,0.8,15911,155.0,70.0,40.0,30.0,46.0,25.0,21.0,5508.0,2301.0,1712.0,7.0,,,
2020-07-04,,,,1886.0,31083.0,2687.0,35656.0,1503322.0,21425.0,1.0,14594,150.0,,39.0,,,26.0,,5512.0,2312.0,1717.0,7.0,,,
2020-07-05,,,,1839.0,31266.0,2689.0,35794.0,1527114.0,23792.0,0.9,11651,139.0,67.0,39.0,28.0,38.0,23.0,15.0,5515.0,2321.0,1718.0,7.0,,,
2020-07-06,,,,1833.0,31426.0,2689.0,35948.0,1544417.0,17303.0,0.8,8931,118.0,64.0,36.0,28.0,39.0,21.0,18.0,5514.0,2326.0,1717.0,7.0,,,
2020-07-07,,,,1766.0,31603.0,2691.0,36060.0,1559529.0,15112.0,0.9,12625,131.0,61.0,34.0,27.0,41.0,24.0,17.0,5516.0,2327.0,1717.0,7.0,,,
2020-07-08,,,,1673.0,31805.0,2700.0,36178.0,1582361.0,22832.0,0.9,17116,123.0,61.0,35.0,26.0,44.0,26.0,18.0,5521.0,2343.0,1722.0,7.0,,,
2020-07-09,,,,1668.0,31977.0,2703.0,36348.0,1608687.0,26326.0,0.8,21648,123.0,58.0,31.0,27.0,42.0,23.0,19.0,5526.0,2364.0,1722.0,7.0,,,
2020-07-10,,,,1599.0,32155.0,2710.0,36464.0,1636171.0,27484.0,0.7,25668,117.0,60.0,34.0,26.0,42.0,24.0,18.0,5527.0,2368.0,1724.0,7.0,,,
2020-07-11,,,,1456.0,32422.0,2716.0,36594.0,1665693.0,29522.0,0.7,22083,128.0,57.0,31.0,26.0,35.0,18.0,17.0,5535.0,2383.0,1728.0,8.0,,,
2020-07-12,,,,1470.0,32534.0,2719.0,36723.0,1691419.0,25726.0,0.8,16174,116.0,55.0,29.0,26.0,35.0,19.0,16.0,5537.0,2395.0,1729.0,8.0,,,
2020-07-13,,,,1454.0,32663.0,2722.0,36839.0,1712315.0,20896.0,0.8,7837,104.0,53.0,28.0,25.0,36.0,20.0,16.0,5540.0,2403.0,1730.0,8.0,,,
2020-07-14,,,,1442.0,32785.0,2723.0,36950.0,1729059.0,16744.0,0.7,13918,137.0,55.0,30.0,25.0,38.0,21.0,17.0,5540.0,2419.0,1729.0,8.0,,,
2020-07-15,,,,1400.0,32920.0,2732.0,37052.0,1752828.0,23769.0,0.8,22029,115.0,55.0,31.0,24.0,38.0,22.0,16.0,5545.0,2453.0,1730.0,8.0,,,
2020-07-16,,,,1365.0,33061.0,2737.0,37163.0,1779320.0,26492.0,0.9,25297,107.0,50.0,26.0,24.0,32.0,20.0,12.0,5548.0,2455.0,1731.0,8.0,,,
2020-07-17,,,,1366.0,33162.0,2746.0,37274.0,1810483.0,31163.0,0.7,24781,108.0,52.0,30.0,22.0,31.0,21.0,10.0,5545.0,2462.0,1732.0,8.0,,,
2020-07-18,,,,1398.0,33294.0,2748.0,37440.0,1839332.0,28849.0,0.7,24551,105.0,53.0,33.0,20.0,30.0,22.0,8.0,5547.0,2469.0,1732.0,8.0,,,
2020-07-19,,,,1446.0,33407.0,2751.0,37604.0,1866222.0,26890.0,1.0,18081,101.0,53.0,34.0,19.0,31.0,23.0,8.0,5549.0,2477.0,1731.0,8.0,,,
2020-07-20,,,,1474.0,33513.0,2752.0,37739.0,1887135.0,20913.0,1.0,11351,115.0,55.0,37.0,18.0,32.0,24.0,8.0,5546.0,2480.0,1730.0,8.0,,,
2020-07-21,,,,1584.0,33605.0,2753.0,37942.0,1910109.0,22974.0,0.9,11842,120.0,55.0,36.0,19.0,30.0,23.0,7.0,5546.0,2484.0,1732.0,8.0,,,
2020-07-22,,,,1540.0,33812.0,2755.0,38107.0,1934099.0,23990.0,0.7,18881,128.0,57.0,37.0,20.0,27.0,19.0,8.0,5877.0,2496.0,1788.0,8.0,,,
2020-07-23,,,,1492.0,33963.0,2755.0,38210.0,1960100.0,26001.0,0.8,21825,154.0,55.0,35.0,20.0,27.0,21.0,6.0,5877.0,2501.0,1789.0,8.0,,,
2020-07-24,,,,1547.0,34100.0,2758.0,38405.0,1988909.0,28809.0,0.9,25550,141.0,50.0,31.0,19.0,27.0,20.0,7.0,5881.0,2503.0,1791.0,8.0,,,
2020-07-25,,,,1544.0,34240.0,2759.0,38543.0,2018813.0,29904.0,0.6,26078,97.0,47.0,30.0,17.0,28.0,21.0,7.0,5884.0,2517.0,1791.0,8.0,,,
2020-07-26,,,,1558.0,34359.0,2763.0,38680.0,2044957.0,26144.0,0.6,18000,87.0,46.0,29.0,17.0,29.0,21.0,8.0,5885.0,2527.0,1792.0,8.0,,,
2020-07-27,,,,1574.0,34461.0,2764.0,38799.0,2069621.0,24664.0,0.7,9249,82.0,47.0,30.0,17.0,27.0,18.0,9.0,5884.0,2527.0,1792.0,8.0,,,
2020-07-28,,,,1575.0,34567.0,2768.0,38910.0,2086955.0,17334.0,0.7,12919,96.0,46.0,31.0,15.0,28.0,18.0,10.0,5885.0,2529.0,1793.0,8.0,,,
2020-07-29,,,,1476.0,34741.0,2769.0,38986.0,2114263.0,27308.0,0.7,18268,91.0,43.0,28.0,14.0,26.0,17.0,9.0,5887.0,2537.0,1793.0,8.0,,,
2020-07-30,,,,1397.0,34906.0,2772.0,39075.0,2141939.0,27676.0,0.6,28267,84.0,39.0,27.0,12.0,24.0,16.0,8.0,5889.0,2543.0,1793.0,8.0,,,
2020-07-31,,,,1360.0,35074.0,2775.0,39209.0,2171972.0,30033.0,0.5,29215,78.0,41.0,29.0,12.0,24.0,15.0,9.0,5891.0,2556.0,1795.0,8.0,,,
2020-08-01,,,,1319.0,35237.0,2777.0,39333.0,2205254.0,33282.0,0.6,26984,73.0,40.0,27.0,13.0,19.0,12.0,7.0,5893.0,2558.0,1797.0,8.0,,,
2020-08-02,,,,1312.0,35359.0,2778.0,39449.0,2235697.0,30443.0,0.4,17839,72.0,41.0,26.0,15.0,23.0,14.0,9.0,5894.0,2555.0,1797.0,8.0,,,
2020-08-03,,,,1274.0,35485.0,2778.0,39537.0,2258718.0,23021.0,0.5,12953,75.0,40.0,25.0,15.0,20.0,13.0,7.0,5895.0,2556.0,1797.0,8.0,,,
2020-08-04,,,,1245.0,35601.0,2782.0,39628.0,2277887.0,19169.0,0.7,9285,78.0,40.0,28.0,12.0,22.0,15.0,7.0,5896.0,2557.0,1798.0,8.0,,,
2020-08-05,,,,1185.0,35747.0,2782.0,39714.0,2295116.0,17229.0,0.6,16407,66.0,41.0,30.0,11.0,22.0,15.0,7.0,5896.0,2581.0,1798.0,8.0,,,
2020-08-06,,,,1120.0,35906.0,2783.0,39809.0,2321297.0,26181.0,0.5,19292,71.0,38.0,29.0,9.0,20.0,13.0,7.0,5899.0,2593.0,1798.0,8.0,,,
2020-08-07,,,,1090.0,36024.0,2783.0,39897.0,2346433.0,25136.0,0.6,25077,66.0,38.0,28.0,10.0,20.0,12.0,8.0,5901.0,2595.0,1799.0,8.0,,,
2020-08-08,,,,1052.0,36131.0,2784.0,39967.0,2372441.0,26008.0,0.4,26273,53.0,38.0,27.0,11.0,19.0,12.0,7.0,5901.0,2601.0,1799.0,8.0,,,
2020-08-09,,,,981.0,36279.0,2786.0,40046.0,2400212.0,27771.0,0.5,17540,55.0,38.0,26.0,12.0,19.0,12.0,7.0,5901.0,2605.0,1799.0,8.0,,,
2020-08-10,,,,994.0,36381.0,2786.0,40161.0,2422487.0,22275.0,0.5,10865,49.0,37.0,25.0,12.0,22.0,14.0,8.0,5903.0,2605.0,1799.0,8.0,,,
2020-08-11,,,,952.0,36456.0,2786.0,40194.0,2444068.0,21581.0,0.4,14677,60.0,34.0,21.0,13.0,21.0,12.0,9.0,5902.0,2608.0,1800.0,8.0,,,
2020-08-12,,,,912.0,36590.0,2787.0,40289.0,2468640.0,24572.0,0.5,22054,49.0,33.0,20.0,13.0,18.0,10.0,8.0,5902.0,2611.0,1800.0,8.0,,,
2020-08-13,,,,891.0,36689.0,2787.0,40367.0,2498266.0,29626.0,0.4,29049,43.0,31.0,20.0,11.0,19.0,10.0,9.0,5903.0,2617.0,1800.0,8.0,,,
2020-08-14,,,,899.0,36772.0,2788.0,40459.0,2528403.0,30137.0,0.5,35426,41.0,28.0,17.0,11.0,18.0,9.0,9.0,5904.0,2618.0,1800.0,8.0,,,
2020-08-15,,,,903.0,36873.0,2789.0,40565.0,2558839.0,30436.0,0.4,33852,39.0,29.0,17.0,12.0,17.0,10.0,7.0,5905.0,2614.0,1800.0,8.0,,,
2020-08-16,,,,904.0,36953.0,2789.0,40646.0,2582652.0,23813.0,0.5,25847,37.0,30.0,18.0,12.0,17.0,9.0,8.0,5905.0,2616.0,1800.0,8.0,,,
2020-08-17,,,,920.0,37036.0,2789.0,40745.0,2608219.0,25567.0,0.7,15076,32.0,28.0,16.0,12.0,17.0,10.0,7.0,5905.0,2617.0,1800.0,8.0,,,
2020-08-18,,,,951.0,37126.0,2793.0,40870.0,2631286.0,23067.0,0.5,16128,41.0,26.0,15.0,11.0,16.0,10.0,6.0,5912.0,2622.0,1803.0,8.0,,,
2020-08-19,,,,965.0,37215.0,2792.0,40972.0,2656928.0,25642.0,0.5,15490,42.0,26.0,15.0,11.0,18.0,10.0,8.0,5918.0,2626.0,1802.0,8.0,,,
2020-08-20,,,,964.0,37291.0,2793.0,41048.0,2682845.0,25917.0,0.6,22104,35.0,27.0,15.0,12.0,15.0,8.0,7.0,5919.0,2628.0,1803.0,8.0,,,
2020-08-21,,,,986.0,37397.0,2796.0,41179.0,2710918.0,28073.0,0.5,19941,35.0,26.0,13.0,13.0,13.0,7.0,6.0,5922.0,2636.0,1804.0,8.0,,,
2020-08-22,,,,1003.0,37487.0,2797.0,41287.0,2739574.0,28656.0,0.4,17965,40.0,25.0,13.0,12.0,11.0,7.0,4.0,5923.0,2636.0,1804.0,8.0,,,
2020-08-23,,,,1010.0,37595.0,2797.0,41402.0,2762958.0,23384.0,0.4,16115,41.0,21.0,11.0,10.0,10.0,6.0,4.0,5924.0,2638.0,1804.0,8.0,,,
2020-08-24,,,,1036.0,37673.0,2798.0,41507.0,2781748.0,18790.0,0.6,9229,40.0,23.0,12.0,11.0,11.0,7.0,4.0,5924.0,2639.0,1804.0,8.0,,,
2020-08-25,,,,1059.0,37748.0,2800.0,41607.0,2801761.0,20013.0,0.7,17259,39.0,24.0,13.0,11.0,15.0,10.0,5.0,5926.0,2639.0,1805.0,8.0,,,
2020-08-26,,,,1030.0,37863.0,2802.0,41695.0,2823721.0,21960.0,0.6,20716,43.0,24.0,15.0,9.0,13.0,10.0,3.0,5927.0,2641.0,1805.0,8.0,,,
2020-08-27,,,,1070.0,37940.0,2803.0,41813.0,2852346.0,28625.0,0.6,26179,48.0,26.0,18.0,8.0,13.0,10.0,3.0,5930.0,2640.0,1807.0,8.0,,,
2020-08-28,,,,1103.0,38023.0,2809.0,41935.0,2884169.0,31823.0,0.6,30512,61.0,25.0,18.0,7.0,15.0,12.0,3.0,5932.0,2639.0,1814.0,8.0,,,
2020-08-29,,,,1148.0,38126.0,2809.0,42083.0,2916275.0,32106.0,0.6,29491,51.0,28.0,17.0,10.0,9.0,5.0,4.0,5935.0,2637.0,1814.0,8.0,,,
2020-08-30,,,,1181.0,38204.0,2810.0,42195.0,2941245.0,24970.0,0.6,23880,51.0,30.0,20.0,10.0,15.0,10.0,5.0,5936.0,2637.0,1814.0,8.0,,,
2020-08-31,,,,1221.0,38277.0,2811.0,42309.0,2966343.0,25098.0,0.6,13542,49.0,29.0,18.0,11.0,13.0,9.0,4.0,5936.0,2638.0,1815.0,8.0,,,
2020-09-01,,,,1240.0,38369.0,2812.0,42421.0,2989888.0,23545.0,0.7,15748,65.0,29.0,17.0,10.0,10.0,5.0,3.0,5937.0,2643.0,1815.0,8.0,,,
2020-09-02,,,,1236.0,38506.0,2812.0,42554.0,3013892.0,24004.0,0.7,18273,60.0,21.0,13.0,8.0,11.0,9.0,2.0,5937.0,2648.0,1816.0,8.0,,,
2020-09-03,,,,1249.0,38625.0,2812.0,42686.0,3040190.0,26298.0,0.6,22769,60.0,20.0,12.0,8.0,11.0,9.0,2.0,5938.0,2648.0,1817.0,8.0,,,
2020-09-04,,,,1282.0,38741.0,2811.0,42834.0,3068781.0,28591.0,0.7,25945,66.0,24.0,13.0,11.0,10.0,8.0,2.0,5946.0,2649.0,1817.0,8.0,,,
2020-09-05,,,,1345.0,38847.0,2811.0,43003.0,3097453.0,28672.0,0.8,23357,58.0,23.0,14.0,9.0,10.0,8.0,2.0,5944.0,2648.0,1817.0,8.0,,,
2020-09-06,,,,1390.0,38958.0,2813.0,43161.0,3126408.0,28955.0,0.7,17698,52.0,24.0,15.0,9.0,12.0,9.0,3.0,5945.0,2649.0,1817.0,8.0,,,
2020-09-07,,,,1461.0,39077.0,2813.0,43351.0,3150133.0,23725.0,1.0,10540,55.0,24.0,18.0,6.0,10.0,8.0,2.0,5951.0,2648.0,1817.0,8.0,,,
2020-09-08,,,,1527.0,39196.0,2813.0,43536.0,3171062.0,20929.0,1.0,8357,54.0,25.0,17.0,8.0,10.0,7.0,3.0,5965.0,2643.0,1817.0,8.0,,,
2020-09-09,,,,1540.0,39332.0,2813.0,43685.0,3188667.0,17605.0,1.3,20062,55.0,24.0,15.0,9.0,12.0,8.0,4.0,5967.0,2647.0,1818.0,8.0,,,
2020-09-10,,,,1567.0,39474.0,2814.0,43855.0,3213336.0,24669.0,1.0,25850,54.0,23.0,14.0,9.0,11.0,9.0,2.0,5966.0,2647.0,1817.0,8.0,,,
2020-09-11,,,,1657.0,39598.0,2813.0,44068.0,3245837.0,32501.0,1.0,31384,49.0,25.0,18.0,7.0,12.0,9.0,3.0,5965.0,2657.0,1817.0,8.0,,,
2020-09-12,,,,1769.0,39717.0,2814.0,44300.0,3281455.0,35618.0,1.0,30491,43.0,18.0,12.0,6.0,11.0,8.0,3.0,5967.0,2659.0,1817.0,8.0,,,
2020-09-13,,,,1848.0,39841.0,2815.0,44504.0,3312598.0,31143.0,0.9,26765,39.0,20.0,14.0,6.0,12.0,9.0,3.0,5974.0,2661.0,1818.0,8.0,,,
2020-09-14,,,,2027.0,39974.0,2816.0,44817.0,3342138.0,29540.0,1.0,19260,47.0,24.0,17.0,7.0,11.0,8.0,3.0,5975.0,2662.0,1818.0,8.0,,,
2020-09-15,,,,2157.0,40091.0,2820.0,45068.0,3369802.0,27664.0,1.3,24339,47.0,26.0,19.0,7.0,15.0,11.0,4.0,5983.0,2663.0,1822.0,8.0,,,
2020-09-16,,,,2316.0,40245.0,2822.0,45383.0,3398563.0,28761.0,1.2,28346,44.0,28.0,20.0,8.0,15.0,12.0,3.0,6006.0,2666.0,1824.0,8.0,,,
2020-09-17,,,,2427.0,40424.0,2825.0,45676.0,3433697.0,35134.0,1.3,37624,53.0,28.0,21.0,7.0,14.0,12.0,2.0,6006.0,2672.0,1824.0,8.0,,,
2020-09-18,,,,2652.0,40600.0,2825.0,46077.0,3469523.0,35826.0,1.4,40443,58.0,28.0,20.0,8.0,12.0,10.0,2.0,6008.0,2677.0,1824.0,8.0,,,
2020-09-19,,,,2881.0,40777.0,2826.0,46484.0,3508463.0,38940.0,1.3,42778,64.0,29.0,20.0,9.0,13.0,10.0,3.0,6006.0,,1824.0,7.0,,,
2020-09-20,,,,3054.0,40968.0,2827.0,46849.0,3548590.0,40127.0,1.4,37671,63.0,31.0,23.0,8.0,12.0,10.0,2.0,6023.0,2682.0,1824.0,8.0,,,
2020-09-21,,,,3299.0,41146.0,2829.0,47274.0,3580343.0,31753.0,1.5,32489,65.0,30.0,22.0,8.0,14.0,12.0,2.0,6024.0,2683.0,1825.0,8.0,,,
2020-09-22,,,,3578.0,41342.0,2832.0,47752.0,3614544.0,34201.0,1.5,39788,82.0,30.0,24.0,6.0,14.0,11.0,3.0,6026.0,2683.0,1828.0,8.0,,,
2020-09-23,,,,3652.0,41600.0,2835.0,48087.0,3649980.0,35436.0,1.2,48079,88.0,30.0,24.0,6.0,12.0,9.0,3.0,6030.0,2685.0,1830.0,8.0,,,
2020-09-24,,,,3774.0,41886.0,2836.0,48496.0,3680614.0,30634.0,1.0,53840,88.0,33.0,27.0,6.0,14.0,11.0,3.0,6043.0,2690.0,1829.0,8.0,,,
2020-09-25,,,,3899.0,42169.0,2837.0,48905.0,3722479.0,41865.0,1.0,65227,87.0,31.0,25.0,6.0,15.0,13.0,2.0,6047.0,2693.0,1831.0,8.0,,,
2020-09-26,,,,3996.0,42507.0,2837.0,49340.0,3765717.0,43238.0,1.2,68040,100.0,34.0,28.0,6.0,18.0,15.0,3.0,6049.0,2693.0,1831.0,8.0,,,
2020-09-27,,,,4196.0,42796.0,2839.0,49831.0,3808226.0,42509.0,1.4,65061,112.0,34.0,28.0,6.0,19.0,16.0,3.0,6051.0,2696.0,1832.0,8.0,,,
2020-09-28,,,,4564.0,43127.0,2840.0,50531.0,3849337.0,41111.0,1.2,49586,128.0,35.0,29.0,6.0,20.0,17.0,3.0,6059.0,2701.0,1833.0,8.0,,,
2020-09-29,,,,4791.0,43450.0,2844.0,51085.0,3887712.0,38375.0,1.2,54759,137.0,34.0,30.0,4.0,18.0,16.0,2.0,6062.0,2708.0,1833.0,8.0,,,
2020-09-30,,,,4955.0,43907.0,2848.0,51710.0,3923465.0,35753.0,1.5,67126,150.0,39.0,35.0,4.0,19.0,17.0,2.0,6071.0,2714.0,1836.0,8.0,,,
2020-10-01,,,,4975.0,44422.0,2851.0,52248.0,3963111.0,39646.0,1.5,82473,162.0,41.0,36.0,5.0,18.0,17.0,1.0,6085.0,2720.0,1838.0,8.0,,,
2020-10-02,,,,5203.0,44850.0,2927.0,52980.0,4003204.0,40093.0,1.3,90513,167.0,44.0,38.0,6.0,23.0,21.0,2.0,6166.0,2555.0,1909.0,8.0,,,
2020-10-03,,,,5380.0,45285.0,2968.0,53633.0,4049458.0,46254.0,1.5,91322,155.0,47.0,41.0,6.0,25.0,23.0,2.0,6207.0,,1948.0,8.0,,,
2020-10-04,,,,5405.0,45819.0,2975.0,54199.0,4089119.0,39661.0,1.6,78953,169.0,48.0,43.0,5.0,27.0,25.0,2.0,6209.0,2646.0,1949.0,8.0,,,
2020-10-05,,,,5474.0,46360.0,2980.0,54814.0,4127315.0,38196.0,1.8,68006,176.0,48.0,43.0,5.0,28.0,26.0,2.0,6216.0,2650.0,1951.0,8.0,,,
2020-10-06,,,,5469.0,46906.0,2987.0,55362.0,4169346.0,42031.0,1.8,55483,192.0,45.0,41.0,4.0,27.0,26.0,1.0,6230.0,2659.0,1953.0,8.0,,,
2020-10-07,,,,5344.0,47613.0,2988.0,55945.0,4212623.0,43277.0,1.9,55413,195.0,48.0,43.0,5.0,30.0,28.0,2.0,6253.0,2668.0,1952.0,8.0,,,
2020-10-08,,,,5442.0,48308.0,2992.0,56742.0,4261111.0,48488.0,2.1,58118,206.0,53.0,47.0,6.0,32.0,29.0,3.0,6274.0,2670.0,1954.0,8.0,,,
2020-10-09,,,,5652.0,49032.0,2997.0,57681.0,4306025.0,44914.0,2.0,58173,225.0,52.0,47.0,5.0,32.0,29.0,3.0,6286.0,2682.0,1956.0,8.0,,,
2020-10-10,,,,5754.0,49732.0,3004.0,58490.0,4350323.0,44298.0,2.0,56138,213.0,53.0,48.0,5.0,32.0,29.0,3.0,6296.0,2689.0,1961.0,8.0,,,
2020-10-11,,,,5697.0,50437.0,3005.0,59139.0,4394461.0,44138.0,2.3,45837,217.0,57.0,51.0,6.0,35.0,32.0,3.0,6301.0,2689.0,1961.0,8.0,,,
2020-10-12,,,,5833.0,51105.0,3008.0,59946.0,4430934.0,36473.0,2.3,32473,203.0,58.0,53.0,5.0,33.0,30.0,3.0,6310.0,2698.0,1961.0,8.0,,,
2020-10-13,,,,5946.0,51729.0,3017.0,60692.0,4462167.0,31233.0,2.6,24420,230.0,65.0,60.0,5.0,37.0,34.0,3.0,6318.0,2706.0,1968.0,8.0,,,
2020-10-14,,,,5884.0,52512.0,3017.0,61413.0,4494373.0,32206.0,3.0,26558,231.0,68.0,64.0,4.0,38.0,35.0,3.0,6335.0,2712.0,1968.0,8.0,,,
2020-10-15,,,,5883.0,53291.0,3022.0,62196.0,4534334.0,39961.0,2.9,36314,253.0,67.0,62.0,5.0,35.0,31.0,4.0,6355.0,2717.0,1969.0,8.0,,,
2020-10-16,,,,5873.0,54004.0,3031.0,62908.0,4572841.0,38507.0,2.0,37155,261.0,72.0,67.0,5.0,39.0,36.0,3.0,6365.0,2728.0,1974.0,8.0,,,
2020-10-17,,,,5986.0,54686.0,3041.0,63713.0,4617563.0,44722.0,2.3,33630,278.0,77.0,72.0,5.0,45.0,42.0,3.0,6380.0,2733.0,1979.0,8.0,,,
2020-10-18,,,,5954.0,55371.0,3046.0,64371.0,4658413.0,40850.0,2.5,23609,247.0,76.0,71.0,5.0,46.0,43.0,3.0,6402.0,2740.0,1980.0,8.0,,,
2020-10-19,,,,6047.0,55978.0,3050.0,65075.0,4690277.0,31864.0,3.1,16303,252.0,74.0,69.0,5.0,42.0,40.0,2.0,6419.0,2755.0,1980.0,8.0,,,
2020-10-20,,,,6237.0,56606.0,3053.0,65896.0,4714326.0,24049.0,3.6,24129,274.0,77.0,72.0,5.0,48.0,45.0,3.0,6442.0,2772.0,1979.0,8.0,,,
2020-10-21,,,,6299.0,57325.0,3062.0,66686.0,4746972.0,32646.0,2.5,29332,260.0,76.0,71.0,5.0,53.0,49.0,4.0,6462.0,2781.0,1981.0,8.0,,,
2020-10-22,,,,6390.0,58066.0,3071.0,67527.0,4785832.0,38860.0,2.5,34784,270.0,83.0,74.0,9.0,54.0,48.0,6.0,6487.0,2785.0,1984.0,8.0,,,
2020-10-23,,,,6474.0,58799.0,3080.0,68353.0,4825851.0,40019.0,2.9,35436,276.0,87.0,78.0,9.0,54.0,47.0,7.0,6524.0,2796.0,1987.0,8.0,,,
2020-10-24,,,,6821.0,59424.0,3086.0,69331.0,4870002.0,44151.0,2.6,30922,294.0,90.0,82.0,8.0,60.0,53.0,7.0,6607.0,2805.0,1989.0,8.0,,,
2020-10-25,,,,7120.0,60160.0,3093.0,70373.0,4908771.0,38769.0,3.2,23601,278.0,86.0,79.0,7.0,61.0,54.0,7.0,6637.0,2820.0,1989.0,8.0,,,
2020-10-26,,,,7286.0,60839.0,3099.0,71224.0,4937423.0,28652.0,3.8,17603,295.0,85.0,78.0,7.0,57.0,51.0,6.0,6678.0,2822.0,1991.0,8.0,,,
2020-10-27,,,,7418.0,61530.0,3103.0,72051.0,4961368.0,23945.0,3.5,22636,312.0,82.0,75.0,7.0,58.0,52.0,6.0,6705.0,2837.0,1994.0,8.0,,,
2020-10-28,,,,7474.0,62303.0,3108.0,72885.0,4991378.0,30010.0,3.0,33906,312.0,79.0,71.0,8.0,58.0,51.0,7.0,6737.0,2840.0,1996.0,8.0,,,
2020-10-29,,,,7578.0,63123.0,3118.0,73819.0,5026999.0,35621.0,2.9,40074,322.0,86.0,77.0,9.0,58.0,52.0,6.0,6765.0,2851.0,2001.0,8.0,,,
2020-10-30,,,,7669.0,63919.0,3127.0,74715.0,5068007.0,41008.0,2.8,41063,314.0,86.0,75.0,11.0,60.0,52.0,8.0,6829.0,2869.0,2004.0,8.0,,,
2020-10-31,,,,7877.0,64717.0,3136.0,75730.0,5109927.0,41920.0,3.0,36262,320.0,83.0,73.0,10.0,63.0,54.0,9.0,6873.0,2873.0,2009.0,8.0,,,
2020-11-01,,,,7981.0,65581.0,3145.0,76707.0,5147060.0,37133.0,3.0,23933,350.0,82.0,72.0,10.0,53.0,46.0,7.0,6941.0,2878.0,2013.0,8.0,,,
2020-11-02,,,,8096.0,66407.0,3152.0,77655.0,5174968.0,27908.0,4.0,15397,328.0,86.0,75.0,11.0,53.0,45.0,8.0,6963.0,2891.0,2016.0,8.0,,,
2020-11-03,,,,8295.0,67244.0,3166.0,78705.0,5200247.0,25279.0,4.0,20758,357.0,85.0,73.0,12.0,55.0,47.0,8.0,6998.0,2898.0,2024.0,8.0,,,
2020-11-04,,,,8321.0,68189.0,3182.0,79692.0,5228814.0,28567.0,3.7,33087,367.0,85.0,75.0,10.0,52.0,44.0,8.0,7042.0,2926.0,2035.0,8.0,,,
2020-11-05,,,,8358.0,69137.0,3195.0,80690.0,5264568.0,35754.0,3.3,41787,381.0,97.0,86.0,11.0,55.0,48.0,7.0,7094.0,2934.0,2042.0,8.0,,,
2020-11-06,,,,8398.0,70086.0,3209.0,81693.0,5305836.0,41268.0,3.7,47074,380.0,97.0,86.0,11.0,55.0,49.0,6.0,7183.0,2946.0,2050.0,8.0,,,
2020-11-07,,,,8667.0,70938.0,3220.0,82825.0,5345001.0,39165.0,3.5,44572,384.0,101.0,88.0,13.0,59.0,52.0,7.0,7213.0,2969.0,2056.0,8.0,,,
2020-11-08,,,,9105.0,71815.0,3233.0,84153.0,5382578.0,37577.0,4.2,35776,374.0,99.0,86.0,13.0,56.0,51.0,5.0,7288.0,2983.0,2063.0,8.0,,,
2020-11-09,,,,9514.0,72636.0,3245.0,85395.0,5410979.0,28401.0,5.0,26646,367.0,96.0,84.0,12.0,59.0,54.0,5.0,7329.0,2997.0,2069.0,8.0,,,
2020-11-10,,,,10106.0,73417.0,3260.0,86783.0,5440104.0,29125.0,5.7,27802,422.0,93.0,82.0,11.0,59.0,54.0,5.0,7391.0,3016.0,2080.0,8.0,,,
2020-11-11,,,,10631.0,74303.0,3275.0,88209.0,5476811.0,36707.0,5.1,34460,424.0,99.0,88.0,11.0,61.0,57.0,4.0,7470.0,3034.0,2087.0,8.0,,,
2020-11-12,,,,11271.0,75220.0,3293.0,89784.0,5516370.0,39559.0,4.3,41977,431.0,107.0,98.0,9.0,66.0,62.0,4.0,7527.0,3040.0,2099.0,8.0,,,
2020-11-13,,,,11630.0,76238.0,3312.0,91180.0,5556879.0,40509.0,4.5,44507,452.0,114.0,106.0,8.0,74.0,67.0,7.0,7554.0,3054.0,2109.0,8.0,,,
2020-11-14,,,,12188.0,77241.0,3332.0,92761.0,5601716.0,44837.0,4.2,39767,502.0,116.0,107.0,9.0,75.0,66.0,9.0,7624.0,3074.0,2121.0,8.0,,,
2020-11-15,,,,12345.0,78303.0,3361.0,94009.0,5643922.0,42206.0,3.8,26147,479.0,127.0,118.0,9.0,74.0,67.0,7.0,7685.0,3087.0,2141.0,8.0,,,
2020-11-16,,,,12830.0,79295.0,3371.0,95496.0,5677273.0,33351.0,4.1,16254,500.0,134.0,125.0,9.0,77.0,70.0,7.0,7747.0,3097.0,2145.0,8.0,,,
2020-11-17,,,,12932.0,80430.0,3383.0,96745.0,5703741.0,26468.0,6.1,25435,529.0,137.0,127.0,10.0,82.0,75.0,7.0,7788.0,3131.0,2148.0,8.0,,,
2020-11-18,,,,12822.0,81925.0,3415.0,98162.0,5737181.0,33440.0,4.5,36671,535.0,137.0,127.0,10.0,86.0,78.0,8.0,7857.0,3152.0,2174.0,8.0,,,
2020-11-19,,,,12628.0,83301.0,3443.0,99372.0,5779019.0,41838.0,4.1,44493,526.0,154.0,146.0,8.0,94.0,88.0,6.0,7915.0,3161.0,2189.0,8.0,,,
2020-11-20,,,,12623.0,84716.0,3451.0,100790.0,5827192.0,48173.0,3.6,46609,518.0,151.0,142.0,9.0,98.0,92.0,6.0,7934.0,3172.0,2193.0,8.0,,,
2020-11-21,,,,12827.0,86079.0,3472.0,102378.0,5873863.0,46671.0,4.3,43047,513.0,154.0,146.0,8.0,93.0,87.0,6.0,7984.0,3190.0,2206.0,8.0,,,
2020-11-22,,,,12918.0,87508.0,3486.0,103912.0,5920252.0,46389.0,3.8,30427,484.0,155.0,147.0,8.0,96.0,89.0,7.0,8020.0,3197.0,2213.0,8.0,,,
2020-11-23,,,,13004.0,88992.0,3505.0,105501.0,5957723.0,37471.0,4.6,18394,507.0,164.0,156.0,8.0,98.0,92.0,6.0,8078.0,3211.0,2224.0,8.0,,,
2020-11-24,,,,12917.0,90074.0,3519.0,106510.0,5984776.0,27053.0,5.8,29316,534.0,167.0,159.0,8.0,97.0,91.0,6.0,8118.0,3218.0,2234.0,8.0,,,
2020-11-25,,,,12779.0,91550.0,3554.0,107883.0,6020852.0,36076.0,4.7,44950,523.0,167.0,159.0,8.0,112.0,106.0,6.0,8177.0,3234.0,2256.0,8.0,,,
2020-11-26,,,,12871.0,92915.0,3575.0,109361.0,6068428.0,47576.0,3.9,52852,556.0,157.0,151.0,6.0,109.0,105.0,4.0,8237.0,3248.0,2270.0,8.0,,,
2020-11-27,,,,13255.0,94366.0,3595.0,111216.0,6126465.0,58037.0,3.7,54241,541.0,160.0,151.0,9.0,109.0,101.0,8.0,8330.0,3267.0,2283.0,8.0,,,
2020-11-28,,,,13538.0,95876.0,3624.0,113038.0,6181551.0,55086.0,3.4,56219,595.0,162.0,155.0,7.0,105.0,99.0,6.0,,,2294.0,8.0,,,
2020-11-29,,,,13779.0,97319.0,3648.0,114746.0,6235510.0,53959.0,3.7,38724,586.0,167.0,156.0,11.0,97.0,91.0,6.0,8361.0,,2301.0,8.0,,,
2020-11-30,,,,14197.0,98639.0,3656.0,116492.0,6274916.0,39406.0,4.6,27388,618.0,179.0,168.0,11.0,115.0,108.0,7.0,8399.0,,2303.0,8.0,,,
2020-12-01,,,,14524.0,100012.0,3663.0,118199.0,6309556.0,34640.0,5.1,34046,645.0,195.0,185.0,10.0,119.0,112.0,7.0,8493.0,,2309.0,8.0,,,
2020-12-02,,,,14526.0,101698.0,3698.0,119922.0,6353782.0,44226.0,4.7,49574,656.0,192.0,183.0,9.0,112.0,106.0,6.0,8674.0,3373.0,2331.0,8.0,,,
2020-12-03,,,,14795.0,103239.0,3712.0,121746.0,6406655.0,52873.0,4.4,58320,666.0,208.0,195.0,13.0,117.0,107.0,10.0,8726.0,3374.0,2342.0,8.0,,,
2020-12-04,,,,14997.0,104792.0,3737.0,123526.0,6462656.0,56001.0,3.6,62403,674.0,219.0,207.0,12.0,123.0,116.0,7.0,,,2357.0,8.0,,,
2020-12-05,,,,15212.0,106416.0,3757.0,125385.0,6522055.0,59399.0,3.4,63193,709.0,214.0,202.0,12.0,126.0,116.0,10.0,8850.0,3461.0,2370.0,8.0,,,
2020-12-06,,,,15547.0,107990.0,3772.0,127309.0,6581306.0,59251.0,3.9,47850,701.0,217.0,204.0,13.0,119.0,109.0,10.0,8895.0,3487.0,2378.0,8.0,,,
2020-12-07,,,,16034.0,109402.0,3798.0,129234.0,6626589.0,45283.0,4.0,31238,725.0,227.0,213.0,14.0,131.0,121.0,10.0,8966.0,3504.0,2391.0,8.0,,,
2020-12-08,,,,16151.0,110951.0,3808.0,130910.0,6665787.0,39198.0,5.0,40732,794.0,233.0,219.0,14.0,143.0,132.0,11.0,9004.0,3522.0,2396.0,8.0,,,
2020-12-09,,,,16089.0,112875.0,3836.0,132800.0,6714333.0,48546.0,4.4,54613,811.0,234.0,221.0,13.0,139.0,129.0,10.0,9045.0,3549.0,2407.0,8.0,,,
2020-12-10,,,,16233.0,114679.0,3871.0,134783.0,6776142.0,61809.0,3.6,66326,829.0,242.0,228.0,14.0,143.0,132.0,11.0,9093.0,3583.0,2431.0,8.0,,,
2020-12-11,,,,16283.0,116432.0,3916.0,136631.0,6839193.0,63051.0,3.2,69280,808.0,251.0,235.0,16.0,133.0,124.0,9.0,9156.0,3609.0,2460.0,8.0,,,
2020-12-12,,,,16221.0,118350.0,3933.0,138504.0,6904453.0,65260.0,3.2,67654,855.0,253.0,237.0,16.0,153.0,143.0,10.0,9206.0,3635.0,2469.0,8.0,,,
2020-12-13,,,,16204.0,120028.0,3949.0,140181.0,6962643.0,58190.0,3.2,51051,813.0,271.0,253.0,18.0,151.0,142.0,9.0,9279.0,3663.0,2479.0,8.0,,,
2020-12-14,,,,16586.0,121563.0,3972.0,142121.0,7019734.0,57091.0,4.6,32045,857.0,264.0,244.0,20.0,161.0,149.0,12.0,9358.0,3678.0,2490.0,8.0,,,
2020-12-15,,,,17031.0,123373.0,3992.0,144396.0,7059300.0,39566.0,5.4,45770,921.0,269.0,249.0,20.0,170.0,156.0,14.0,9378.0,3686.0,2491.0,8.0,,,
2020-12-16,,,,17084.0,125416.0,4035.0,146535.0,7108489.0,49189.0,5.1,65597,932.0,277.0,256.0,21.0,168.0,157.0,11.0,9462.0,3717.0,2513.0,8.0,,,
2020-12-17,,,,17484.0,127425.0,4058.0,148967.0,7166667.0,58178.0,4.0,78631,919.0,282.0,263.0,19.0,182.0,172.0,10.0,9538.0,3750.0,2526.0,8.0,,,
2020-12-18,,,,17742.0,129417.0,4098.0,151257.0,7234913.0,68246.0,3.9,81235,877.0,278.0,261.0,17.0,178.0,168.0,10.0,9625.0,3809.0,2537.0,8.0,,,
2020-12-19,,,,18207.0,131282.0,4125.0,153614.0,7302120.0,67207.0,4.2,78147,895.0,271.0,256.0,15.0,152.0,146.0,6.0,9755.0,3840.0,2546.0,8.0,,,
2020-12-20,,,,18567.0,133213.0,4150.0,155930.0,7371532.0,69412.0,3.6,54546,875.0,277.0,261.0,16.0,165.0,156.0,9.0,9845.0,3869.0,2564.0,8.0,,,
2020-12-21,,,,19019.0,134867.0,4167.0,158053.0,7426037.0,54505.0,4.7,39106,915.0,280.0,265.0,15.0,160.0,152.0,8.0,9938.0,3917.0,2581.0,8.0,,,
2020-12-22,,,,19300.0,136767.0,4188.0,160255.0,7471302.0,45265.0,5.0,47872,1005.0,288.0,273.0,15.0,180.0,172.0,8.0,10056.0,3952.0,2592.0,8.0,,,
2020-12-23,,,,19424.0,139010.0,4229.0,162663.0,7527962.0,56660.0,4.8,66976,1002.0,291.0,275.0,16.0,196.0,186.0,10.0,10206.0,3996.0,2608.0,8.0,,,
2020-12-24,,,,19809.0,141023.0,4278.0,165110.0,7592554.0,64592.0,3.7,75250,967.0,297.0,277.0,20.0,188.0,176.0,12.0,10315.0,4068.0,2643.0,8.0,,,
2020-12-25,,,,19688.0,143260.0,4321.0,167269.0,7654019.0,61465.0,3.4,65675,998.0,298.0,280.0,18.0,166.0,156.0,10.0,10412.0,4116.0,2665.0,8.0,,,
2020-12-26,,,,19879.0,145173.0,4359.0,169411.0,7703530.0,49511.0,3.8,37010,755.0,307.0,286.0,21.0,198.0,187.0,11.0,10492.0,4135.0,2682.0,8.0,,,
2020-12-27,,,,19861.0,147178.0,4377.0,171416.0,7745313.0,41783.0,5.1,27278,823.0,303.0,285.0,18.0,205.0,194.0,11.0,10577.0,4160.0,2696.0,8.0,,,
2020-12-28,,,,19612.0,149329.0,4414.0,173355.0,7784878.0,39565.0,8.6,26453,875.0,315.0,296.0,19.0,223.0,211.0,12.0,10647.0,4195.0,2708.0,8.0,,,
2020-12-29,,,,19891.0,151562.0,4455.0,175908.0,7818990.0,34112.0,9.7,32850,864.0,324.0,304.0,20.0,218.0,207.0,11.0,10725.0,4228.0,2726.0,8.0,,,
2020-12-30,,,,20558.0,153799.0,4474.0,178831.0,7858200.0,39210.0,8.4,54955,1177.0,342.0,323.0,19.0,212.0,204.0,8.0,10830.0,4256.0,2738.0,8.0,,,
2020-12-31,,,,21617.0,156012.0,4530.0,182159.0,7922058.0,63858.0,5.7,72283,1235.0,354.0,337.0,17.0,219.0,210.0,9.0,11027.0,4280.0,2777.0,8.0,,,
2021-01-01,,,,21582.0,158472.0,4581.0,184635.0,7991628.0,70570.0,5.3,71526,1260.0,355.0,336.0,19.0,232.0,221.0,11.0,11143.0,4329.0,2800.0,8.0,,,
2021-01-02,,,,22847.0,160526.0,4625.0,187998.0,8053029.0,61401.0,6.0,41709,1003.0,344.0,322.0,22.0,230.0,220.0,10.0,11217.0,4365.0,2814.0,8.0,,,
2021-01-03,,,,23611.0,162701.0,4650.0,190962.0,8103832.0,49803.0,5.6,27769,998.0,352.0,329.0,23.0,240.0,228.0,12.0,11293.0,4397.0,2829.0,8.0,,,
2021-01-04,,,,24778.0,164775.0,4679.0,194232.0,8142953.0,39121.0,9.7,19683,1190.0,355.0,333.0,22.0,205.0,194.0,11.0,11369.0,4434.0,2843.0,8.0,,,
2021-01-05,,,,25840.0,166790.0,4730.0,197360.0,8178105.0,35152.0,9.4,39805,1347.0,375.0,352.0,23.0,257.0,245.0,12.0,11511.0,4479.0,2865.0,8.0,,,
2021-01-06,,,,26064.0,169795.0,4767.0,200626.0,8229150.0,51045.0,8.5,55484,1463.0,381.0,361.0,20.0,256.0,246.0,10.0,11634.0,4552.0,2885.0,9.0,,,
2021-01-07,,,,26718.0,172571.0,4856.0,204145.0,8294922.0,65772.0,6.1,66970,1472.0,382.0,363.0,19.0,251.0,242.0,9.0,11756.0,4590.0,2928.0,9.0,,,
2021-01-08,,,,28203.0,175309.0,4882.0,208394.0,8366403.0,71481.0,6.2,73067,1446.0,394.0,369.0,25.0,263.0,250.0,13.0,11915.0,4641.0,2943.0,9.0,,,
2021-01-09,,,,28691.0,178224.0,4922.0,211837.0,8439303.0,72900.0,5.3,61228,1457.0,409.0,382.0,27.0,257.0,244.0,13.0,12073.0,4695.0,2969.0,9.0,,,
2021-01-10,,,,30079.0,180720.0,4983.0,215782.0,8501611.0,62308.0,6.2,39362,1483.0,411.0,388.0,23.0,278.0,266.0,12.0,12210.0,4752.0,2990.0,9.0,,,
2021-01-11,,,,30632.0,183476.0,5012.0,219120.0,8548014.0,46403.0,7.7,28774,1563.0,412.0,387.0,25.0,279.0,268.0,11.0,12377.0,4802.0,3004.0,9.0,,,
2021-01-12,,,,30141.0,186829.0,5053.0,222023.0,8592816.0,44802.0,7.8,43154,1701.0,411.0,385.0,26.0,274.0,262.0,12.0,12575.0,4870.0,3027.0,9.0,,,
2021-01-13,,,,29636.0,190221.0,5127.0,224984.0,8643747.0,50931.0,6.0,61259,1674.0,409.0,385.0,24.0,289.0,276.0,13.0,12726.0,4938.0,3063.0,10.0,,,
2021-01-14,,,,29307.0,193814.0,5189.0,228310.0,8714916.0,71169.0,5.1,66940,1657.0,413.0,388.0,25.0,295.0,280.0,15.0,12869.0,5009.0,3092.0,10.0,,,
2021-01-15,,,,28825.0,197194.0,5289.0,231308.0,8791388.0,76472.0,4.6,63728,1647.0,413.0,387.0,26.0,294.0,280.0,14.0,13014.0,5069.0,3137.0,10.0,,,
2021-01-16,,,,28618.0,200406.0,5340.0,234364.0,8865263.0,73875.0,4.9,50387,1632.0,421.0,397.0,24.0,297.0,281.0,16.0,13104.0,5134.0,3162.0,10.0,,,
2021-01-17,,,,28893.0,203484.0,5409.0,237786.0,8925446.0,60183.0,5.2,30103,1570.0,415.0,395.0,20.0,306.0,293.0,13.0,13210.0,5209.0,3198.0,10.0,,,
2021-01-18,,,,28621.0,206310.0,5433.0,240364.0,8965747.0,40301.0,6.6,18481,1571.0,416.0,394.0,22.0,314.0,303.0,11.0,13337.0,5261.0,3212.0,10.0,,,
2021-01-19,,,,27615.0,209183.0,5479.0,242277.0,9000278.0,34531.0,6.8,36750,1626.0,420.0,400.0,20.0,304.0,292.0,12.0,13412.0,5318.0,3232.0,10.0,,,
2021-01-20,,,,26467.0,212897.0,5568.0,244932.0,9054585.0,54307.0,4.9,48963,1598.0,416.0,395.0,21.0,311.0,296.0,15.0,13549.0,5375.0,3274.0,10.0,,,
2021-01-21,,,,26063.0,215887.0,5614.0,247564.0,9124841.0,70256.0,4.3,52871,1533.0,410.0,388.0,22.0,305.0,293.0,12.0,13647.0,5430.0,3307.0,10.0,,,
2021-01-22,,,,25263.0,219262.0,5701.0,250226.0,9196591.0,71750.0,3.3,41819,1512.0,406.0,383.0,23.0,304.0,291.0,13.0,13746.0,5494.0,3350.0,10.0,,,
2021-01-23,,,,24545.0,222287.0,5753.0,252585.0,9260044.0,63453.0,4.5,37847,1501.0,418.0,395.0,23.0,313.0,299.0,14.0,13854.0,5556.0,3375.0,10.0,,,
2021-01-24,,,,24153.0,225046.0,5803.0,255002.0,9308991.0,48947.0,4.2,23995,1436.0,413.0,392.0,21.0,315.0,301.0,14.0,13996.0,5595.0,3400.0,10.0,,,
2021-01-25,,,,23620.0,227494.0,5846.0,256960.0,9344959.0,35968.0,5.5,14991,1398.0,418.0,397.0,21.0,297.0,283.0,14.0,14063.0,5642.0,3427.0,10.0,,,
2021-01-26,,,,23036.0,229755.0,5909.0,258700.0,9375676.0,30717.0,5.9,36405,1466.0,405.0,383.0,22.0,310.0,298.0,12.0,14134.0,5695.0,3462.0,10.0,,,
2021-01-27,,,,21932.0,232480.0,5958.0,260370.0,9430867.0,55191.0,4.0,46900,1382.0,400.0,377.0,23.0,305.0,291.0,14.0,14214.0,5771.0,3487.0,10.0,,,
2021-01-28,,,,21478.0,234971.0,6014.0,262463.0,9495531.0,64664.0,3.3,48386,1338.0,386.0,358.0,28.0,296.0,276.0,20.0,14264.0,5813.0,3518.0,10.0,,,
2021-01-29,,,,20357.0,237871.0,6072.0,264300.0,9564571.0,69040.0,3.3,40453,1291.0,391.0,360.0,31.0,293.0,271.0,22.0,14346.0,5858.0,3550.0,10.0,51.0,,
2021-01-30,,,,19724.0,240494.0,6145.0,266363.0,9624165.0,59594.0,3.3,31463,1273.0,385.0,353.0,32.0,230.0,216.0,14.0,14465.0,5919.0,3574.0,10.0,57.0,,
2021-01-31,,,,19216.0,242807.0,6188.0,268211.0,9673517.0,49352.0,3.7,15616,1159.0,385.0,356.0,29.0,272.0,252.0,20.0,14554.0,5990.0,3595.0,10.0,58.0,,
2021-02-01,,,,19017.0,244939.0,6224.0,270180.0,9703876.0,30359.0,5.2,11651,1158.0,383.0,354.0,29.0,277.0,260.0,17.0,14616.0,6020.0,3614.0,10.0,69.0,,
2021-02-02,,,,17451.0,247236.0,6238.0,270925.0,9732428.0,28552.0,4.6,32348,1192.0,369.0,341.0,28.0,271.0,253.0,18.0,14586.0,6218.0,3618.0,10.0,109.0,1.0,
2021-02-03,,,,16811.0,248981.0,6305.0,272097.0,9784846.0,52418.0,3.3,44606,1066.0,368.0,336.0,32.0,275.0,254.0,21.0,14607.0,6250.0,3647.0,10.0,106.0,1.0,
2021-02-04,,,,16330.0,250937.0,6393.0,273660.0,9849313.0,64467.0,2.6,47282,1101.0,356.0,323.0,33.0,266.0,241.0,25.0,14672.0,6300.0,3683.0,10.0,152.0,1.0,
2021-02-05,,,,15722.0,253170.0,6438.0,275330.0,9912023.0,62710.0,2.5,41561,1043.0,359.0,325.0,34.0,251.0,225.0,26.0,14702.0,6341.0,3697.0,10.0,155.0,1.0,
2021-02-06,,,,15269.0,254966.0,6483.0,276718.0,9974364.0,62341.0,2.6,31924,1021.0,364.0,325.0,39.0,254.0,228.0,26.0,14771.0,6376.0,3719.0,10.0,164.0,1.0,
2021-02-07,,,,14799.0,256903.0,6505.0,278207.0,10026022.0,51658.0,2.8,16539,926.0,372.0,335.0,37.0,260.0,233.0,27.0,14795.0,6407.0,3732.0,10.0,174.0,1.0,
2021-02-08,,,,14331.0,258603.0,6538.0,279472.0,10054325.0,28303.0,4.4,10693,901.0,370.0,335.0,35.0,251.0,226.0,25.0,14809.0,6425.0,3740.0,10.0,219.0,1.0,
2021-02-09,,,,13948.0,259991.0,6555.0,280494.0,10085123.0,30798.0,3.3,33273,909.0,349.0,318.0,31.0,244.0,223.0,21.0,14820.0,6434.0,3747.0,10.0,227.0,3.0,
2021-02-10,,,,13270.0,261700.0,6596.0,281566.0,10137627.0,52504.0,2.5,41725,948.0,341.0,313.0,28.0,245.0,226.0,19.0,14847.0,6449.0,3760.0,10.0,228.0,3.0,
2021-02-11,,,,12853.0,263044.0,6614.0,282511.0,10206439.0,68812.0,2.3,43383,883.0,331.0,299.0,32.0,233.0,211.0,22.0,,6449.0,3769.0,10.0,236.0,3.0,
2021-02-12,,,,12496.0,264459.0,6632.0,283587.0,10268451.0,62012.0,2.2,38345,763.0,328.0,295.0,33.0,228.0,204.0,24.0,14832.0,6452.0,3777.0,10.0,275.0,3.0,
2021-02-13,,,,12343.0,265893.0,6651.0,284887.0,10327211.0,58760.0,2.3,32143,786.0,322.0,287.0,35.0,229.0,203.0,26.0,14840.0,6473.0,3780.0,10.0,297.0,3.0,
2021-02-14,,,,12047.0,267128.0,6693.0,285868.0,10375912.0,48701.0,2.6,15947,705.0,329.0,292.0,37.0,230.0,203.0,27.0,14895.0,6484.0,3797.0,10.0,303.0,6.0,1.0
2021-02-15,,,,11825.0,268301.0,6706.0,286832.0,10406267.0,30355.0,3.3,10802,739.0,331.0,293.0,38.0,224.0,199.0,25.0,14902.0,6493.0,3798.0,10.0,302.0,7.0,1.0
2021-02-16,,,,11604.0,269413.0,6719.0,287736.0,10433272.0,27005.0,3.6,15024,742.0,333.0,292.0,41.0,224.0,201.0,23.0,14905.0,6507.0,3803.0,10.0,309.0,9.0,1.0
2021-02-17,,,,10985.0,270869.0,6729.0,288583.0,10467249.0,33977.0,3.0,33730,719.0,334.0,298.0,36.0,231.0,211.0,20.0,14908.0,6515.0,3807.0,10.0,338.0,6.0,1.0
2021-02-18,,,,10702.0,272146.0,6773.0,289621.0,10523414.0,56165.0,2.2,44532,758.0,316.0,277.0,39.0,213.0,192.0,21.0,14916.0,6515.0,3820.0,10.0,348.0,10.0,1.0
2021-02-19,,,,10550.0,273401.0,6820.0,290771.0,10588786.0,65372.0,2.1,39970,689.0,307.0,269.0,38.0,210.0,190.0,20.0,14924.0,6568.0,3838.0,10.0,385.0,9.0,1.0
2021-02-20,,,,10437.0,274714.0,6848.0,291999.0,10645980.0,57194.0,2.2,30762,699.0,294.0,263.0,31.0,198.0,181.0,17.0,14927.0,6568.0,3849.0,10.0,386.0,9.0,1.0
2021-02-21,,,,10371.0,275854.0,6861.0,293086.0,10694158.0,48178.0,2.7,17307,660.0,307.0,277.0,30.0,196.0,181.0,15.0,14934.0,6574.0,3853.0,10.0,391.0,9.0,1.0
2021-02-22,,,,10335.0,276937.0,6872.0,294144.0,10725321.0,31163.0,3.3,11883,646.0,310.0,280.0,30.0,204.0,189.0,15.0,14935.0,6580.0,3857.0,10.0,390.0,9.0,1.0
2021-02-23,,,,10296.0,277939.0,6884.0,295119.0,10751300.0,25979.0,4.2,28802,718.0,313.0,283.0,30.0,200.0,186.0,14.0,14937.0,6584.0,3858.0,10.0,390.0,9.0,1.0
2021-02-24,,,,10050.0,279230.0,6893.0,296173.0,10806152.0,54852.0,2.4,41251,675.0,316.0,287.0,29.0,193.0,182.0,11.0,14937.0,6600.0,3860.0,10.0,395.0,9.0,1.0
2021-02-25,,,,10071.0,280324.0,6916.0,297311.0,10872503.0,66351.0,2.0,40639,687.0,313.0,283.0,30.0,193.0,182.0,11.0,14943.0,6604.0,3864.0,10.0,449.0,11.0,2.0
2021-02-26,,,,10294.0,281331.0,6944.0,298569.0,10936552.0,64049.0,2.3,35502,683.0,317.0,284.0,33.0,211.0,193.0,18.0,14955.0,6611.0,3864.0,10.0,477.0,14.0,2.0
2021-02-27,,,,10479.0,282315.0,6960.0,299754.0,10995968.0,59416.0,2.1,27989,680.0,308.0,276.0,32.0,197.0,182.0,15.0,14958.0,6615.0,3865.0,10.0,508.0,25.0,2.0
2021-02-28,,,,10492.0,283344.0,6980.0,300816.0,11045153.0,49185.0,2.4,18318,627.0,322.0,289.0,33.0,200.0,185.0,15.0,14958.0,6618.0,3864.0,10.0,528.0,27.0,3.0
2021-03-01,,,,10570.0,284283.0,6986.0,301839.0,11080168.0,35015.0,3.1,13416,659.0,311.0,280.0,31.0,192.0,175.0,17.0,14958.0,6622.0,3865.0,10.0,535.0,27.0,3.0
2021-03-02,,,,10546.0,285262.0,6997.0,302805.0,11110935.0,30767.0,2.9,31074,677.0,310.0,284.0,26.0,202.0,189.0,13.0,14958.0,6626.0,3867.0,10.0,542.0,27.0,3.0
2021-03-03,,,,10397.0,286352.0,7014.0,303763.0,11163548.0,52613.0,2.4,43139,668.0,301.0,274.0,27.0,203.0,188.0,15.0,14961.0,6635.0,3869.0,10.0,552.0,27.0,3.0
2021-03-04,,,,10309.0,287424.0,7024.0,304757.0,11229191.0,65643.0,2.1,42723,649.0,306.0,281.0,25.0,198.0,183.0,15.0,14963.0,6642.0,3871.0,10.0,644.0,31.0,3.0
2021-03-05,,,,10378.0,288583.0,7046.0,306007.0,11293939.0,64748.0,2.3,34037,643.0,312.0,280.0,32.0,199.0,183.0,16.0,14964.0,6652.0,3873.0,10.0,799.0,31.0,3.0
2021-03-06,,,,10210.0,289735.0,7052.0,306997.0,11351768.0,57829.0,2.3,27796,620.0,312.0,278.0,34.0,198.0,181.0,17.0,14976.0,6685.0,3875.0,10.0,826.0,31.0,8.0
2021-03-07,,,,10389.0,290840.0,7067.0,308296.0,11398354.0,46586.0,3.1,20057,606.0,308.0,273.0,35.0,197.0,179.0,18.0,14980.0,6689.0,3876.0,10.0,828.0,31.0,13.0
2021-03-08,,,,11016.0,291834.0,7077.0,309927.0,11436417.0,38063.0,3.4,13891,626.0,318.0,282.0,36.0,203.0,184.0,19.0,14979.0,6695.0,3876.0,10.0,879.0,39.0,17.0
2021-03-09,,,,11223.0,292806.0,7083.0,311112.0,11469681.0,33264.0,3.7,29845,689.0,326.0,290.0,36.0,203.0,184.0,19.0,14980.0,6699.0,3876.0,10.0,908.0,39.0,17.0
2021-03-10,,,,11311.0,294018.0,7099.0,312428.0,11523830.0,54149.0,2.5,38518,678.0,309.0,281.0,28.0,194.0,178.0,16.0,14978.0,6700.0,3876.0,10.0,921.0,39.0,17.0
2021-03-11,,,,11283.0,295128.0,7109.0,313520.0,11584449.0,60619.0,2.4,42033,680.0,308.0,277.0,31.0,202.0,184.0,18.0,14976.0,6703.0,3877.0,10.0,956.0,41.0,28.0
2021-03-12,,,,11512.0,296252.0,7127.0,314891.0,11649060.0,64611.0,2.4,36744,676.0,314.0,282.0,32.0,206.0,189.0,17.0,14976.0,6712.0,3877.0,10.0,1005.0,42.0,34.0
2021-03-13,,,,11818.0,297403.0,7138.0,316359.0,11707491.0,58431.0,2.9,29756,689.0,308.0,275.0,33.0,191.0,175.0,16.0,14969.0,6729.0,3878.0,10.0,1024.0,43.0,34.0
2021-03-14,,,,12383.0,298570.0,7153.0,318106.0,11755109.0,47618.0,3.1,18494,601.0,316.0,282.0,34.0,201.0,186.0,15.0,14972.0,6736.0,3878.0,10.0,1036.0,44.0,34.0
2021-03-15,,,,12528.0,299684.0,7162.0,319374.0,11789084.0,33975.0,3.8,10954,699.0,329.0,298.0,31.0,202.0,187.0,15.0,14984.0,6740.0,3881.0,10.0,1106.0,44.0,34.0
2021-03-16,,,,12506.0,300769.0,7173.0,320448.0,11817610.0,28526.0,4.5,27448,761.0,325.0,292.0,33.0,209.0,194.0,15.0,14987.0,6746.0,3882.0,10.0,1131.0,46.0,34.0
2021-03-17,,,,12512.0,302257.0,7187.0,321956.0,11866738.0,49128.0,3.5,35201,741.0,334.0,300.0,34.0,204.0,190.0,14.0,14988.0,6757.0,3887.0,10.0,1134.0,47.0,34.0
2021-03-18,,,,12814.0,303493.0,7202.0,323509.0,11925298.0,58560.0,3.1,32330,730.0,341.0,304.0,37.0,205.0,186.0,19.0,14992.0,6760.0,3888.0,10.0,1136.0,47.0,35.0
2021-03-19,,,,13253.0,304789.0,7212.0,325254.0,11981432.0,56134.0,3.3,29545,759.0,346.0,309.0,37.0,192.0,176.0,16.0,14999.0,6762.0,3888.0,10.0,1175.0,48.0,35.0
2021-03-20,,,,13810.0,306050.0,7223.0,327083.0,12033515.0,52083.0,3.6,28020,765.0,335.0,302.0,33.0,208.0,189.0,19.0,15000.0,6771.0,3889.0,10.0,1230.0,47.0,35.0
2021-03-21,,,,14230.0,307403.0,7241.0,328874.0,12082748.0,49233.0,3.7,19486,760.0,340.0,305.0,35.0,206.0,186.0,20.0,15005.0,6776.0,3891.0,10.0,1287.0,47.0,36.0
2021-03-22,,,,14751.0,308578.0,7244.0,330573.0,12113837.0,31089.0,5.4,14407,813.0,331.0,298.0,33.0,206.0,186.0,20.0,15009.0,6782.0,3891.0,10.0,1340.0,48.0,36.0
2021-03-23,,,,15017.0,309849.0,7253.0,332119.0,12146393.0,32556.0,5.7,31325,868.0,357.0,324.0,33.0,208.0,193.0,15.0,15010.0,6784.0,3892.0,10.0,1359.0,47.0,37.0
2021-03-24,,,,15047.0,311380.0,7263.0,333690.0,12198355.0,51962.0,3.8,38985,893.0,363.0,333.0,30.0,228.0,210.0,18.0,15015.0,6789.0,3892.0,10.0,1389.0,50.0,47.0
2021-03-25,,,,16081.0,312709.0,7280.0,336070.0,12258432.0,60077.0,3.8,36916,894.0,360.0,332.0,28.0,227.0,212.0,15.0,15017.0,6795.0,3892.0,10.0,1458.0,51.0,54.0
2021-03-26,,,,16563.0,314384.0,7292.0,338239.0,12311868.0,53436.0,3.8,37364,913.0,384.0,359.0,25.0,226.0,215.0,11.0,15021.0,6801.0,3892.0,10.0,1494.0,60.0,58.0
2021-03-27,,,,17519.0,315865.0,7308.0,340692.0,12372873.0,61005.0,4.5,33065,985.0,392.0,365.0,27.0,201.0,192.0,9.0,15025.0,6809.0,3893.0,10.0,1523.0,63.0,61.0
2021-03-28,,,,18405.0,317408.0,7327.0,343140.0,12423100.0,50227.0,4.5,25452,917.0,393.0,366.0,27.0,227.0,217.0,10.0,15029.0,6811.0,3893.0,10.0,1625.0,63.0,67.0
2021-03-29,,,,18965.0,318932.0,7337.0,345234.0,12462570.0,39470.0,6.1,17716,841.0,409.0,382.0,27.0,246.0,236.0,10.0,15030.0,6816.0,3893.0,10.0,1749.0,63.0,82.0
2021-03-30,,,,19810.0,320409.0,7351.0,347570.0,12498641.0,36071.0,6.2,35066,1090.0,411.0,387.0,24.0,257.0,249.0,8.0,15037.0,6819.0,3897.0,10.0,1800.0,69.0,90.0
2021-03-31,,,,20155.0,322382.0,7366.0,349903.0,12551173.0,52532.0,4.8,40446,1111.0,424.0,396.0,28.0,261.0,252.0,9.0,15044.0,6820.0,3901.0,10.0,1898.0,70.0,92.0
2021-04-01,,,,20875.0,324196.0,7389.0,352460.0,12613463.0,62290.0,4.8,42057,1116.0,433.0,406.0,27.0,259.0,250.0,9.0,15047.0,6819.0,3901.0,10.0,1953.0,67.0,96.0
2021-04-02,,,,22016.0,326121.0,7412.0,355549.0,12675796.0,62333.0,4.6,39233,1162.0,435.0,408.0,27.0,271.0,261.0,10.0,15051.0,6824.0,3901.0,10.0,2022.0,70.0,103.0
2021-04-03,,,,23190.0,327940.0,7428.0,358558.0,12734913.0,59117.0,5.0,25049,796.0,451.0,423.0,28.0,261.0,252.0,9.0,15055.0,6824.0,3901.0,10.0,2042.0,70.0,102.0
2021-04-04,,,,24320.0,329839.0,7440.0,361599.0,12781293.0,46380.0,6.5,19689,811.0,476.0,449.0,27.0,262.0,254.0,8.0,15063.0,6833.0,3901.0,10.0,2114.0,71.0,103.0
2021-04-05,,,,25487.0,331600.0,7450.0,364537.0,12817856.0,36563.0,7.8,17739,942.0,494.0,469.0,25.0,293.0,284.0,9.0,15069.0,6836.0,3903.0,10.0,2135.0,71.0,103.0
2021-04-06,,,,26568.0,333576.0,7458.0,367602.0,12855397.0,37541.0,8.9,29173,1161.0,510.0,482.0,28.0,310.0,299.0,11.0,15069.0,6838.0,3903.0,10.0,2165.0,71.0,106.0
2021-04-07,,,,27359.0,335983.0,7475.0,370817.0,12905286.0,49889.0,6.7,41624,1397.0,504.0,476.0,28.0,311.0,301.0,10.0,15066.0,6853.0,3904.0,10.0,2291.0,72.0,120.0
2021-04-08,,,,28059.0,338559.0,7494.0,374112.0,12969132.0,63846.0,6.0,42404,1417.0,525.0,496.0,29.0,331.0,318.0,13.0,15072.0,6856.0,3904.0,10.0,9632.0,75.0,131.0
2021-04-09,,,,29627.0,341200.0,7512.0,378339.0,13030542.0,61410.0,6.3,42572,1492.0,552.0,519.0,33.0,359.0,344.0,15.0,15073.0,6861.0,3905.0,10.0,11492.0,76.0,133.0
2021-04-10,,,,30999.0,343622.0,7531.0,382152.0,13091981.0,61439.0,6.5,42963,1524.0,585.0,554.0,31.0,384.0,370.0,14.0,15074.0,6858.0,3907.0,10.0,13213.0,76.0,134.0
2021-04-11,,,,32817.0,346239.0,7552.0,386608.0,13148359.0,56378.0,7.7,31836,1513.0,605.0,575.0,30.0,382.0,364.0,18.0,15075.0,6866.0,3907.0,10.0,14387.0,78.0,134.0
2021-04-12,,,,34758.0,348684,7567,391009,13196288,47929,9.5,24796,1646,619,590,29,408,395,13,15074,6867,3908,10,16540,81,140
